Student_ID,First_Name,Last_Name,DOB,Gender,Grade_Level,Section,Parent_Email,Annual_Tuition,Scholarship_Type,Attendance_Rate,Enrollment_Status
SCH-2026-1000,Jasmine,Allen,2015-08-18,Female,Grade 5,A,allen.jasmine@example.com,9385.58,None,96.55,Active
SCH-2026-1001,Angel,Gonzales,2018-05-02,Female,Grade 1,A,gonzales.angel@example.com,6143.24,Partial (25%),83.13,Active
SCH-2026-1002,Victoria,Banks,2010-08-01,Others,Grade 10,E,banks.victoria@example.com,3600.36,None,90.11,Active
SCH-2026-1003,Gabrielle,Robinson,2010-06-09,Male,Grade 9,B,robinson.gabrielle@example.com,10655.11,Partial (25%),96.77,Active
SCH-2026-1004,Breanna,Campbell,2016-10-26,Male,Grade 4,D,campbell.breanna@example.com,7486.76,None,76.61,Active
SCH-2026-1005,Robert,Gardner,2008-06-16,Male,Grade 11,D,gardner.robert@example.com,10426.49,None,75.27,Active
SCH-2026-1006,Christopher,Barrett,2017-03-13,Female,Grade 3,A,barrett.christopher@example.com,8102.6,None,87.9,Active
SCH-2026-1007,Tiffany,Campos,2011-11-16,Others,Grade 9,E,campos.tiffany@example.com,11867.01,None,82.22,Active
SCH-2026-1008,Sarah,Ponce,2012-06-07,Others,Grade 7,C,ponce.sarah@example.com,3606.99,None,91.02,Active
SCH-2026-1009,Tyler,Collins,2008-05-26,Male,Grade 12,B,collins.tyler@example.com,7710.46,None,91.75,Active
SCH-2026-1010,Jimmy,Ho,2016-03-23,Others,Grade 4,E,ho.jimmy@example.com,9696.64,None,81.72,Active
SCH-2026-1011,James,Jennings,2014-03-14,Male,Grade 7,A,jennings.james@example.com,8655.58,None,75.9,Active
SCH-2026-1012,Penny,Lindsey,2016-08-03,Male,Grade 4,D,lindsey.penny@example.com,9732.91,None,81.44,Active
SCH-2026-1013,Kristopher,Chung,2020-12-20,Male,Preschool,E,chung.kristopher@example.com,4431.83,None,90.78,Active
SCH-2026-1014,Erin,Taylor,2021-03-21,Female,Preschool,B,taylor.erin@example.com,9606.24,Partial (25%),83.43,Active
SCH-2026-1015,Donna,Hall,2012-01-29,Others,Grade 9,B,hall.donna@example.com,5388.27,Partial (25%),94.99,Withdrawn
SCH-2026-1016,Ashley,Tran,2012-02-08,Female,Grade 9,C,tran.ashley@example.com,6081.1,None,87.11,Active
SCH-2026-1017,Samantha,Booth,2014-10-30,Female,Grade 6,A,booth.samantha@example.com,9500.44,None,96.17,Active
SCH-2026-1018,Jason,Woods,2018-07-21,Others,Grade 2,C,woods.jason@example.com,8301.18,Partial (25%),92.32,Active
SCH-2026-1019,Fernando,Melton,2019-03-18,Others,Grade 2,A,melton.fernando@example.com,5332.43,Partial (25%),91.77,Active
SCH-2026-1020,Margaret,Browning,2008-06-26,Others,Grade 12,A,browning.margaret@example.com,4914.59,None,87.18,Active
SCH-2026-1021,Autumn,Garcia,2017-10-05,Female,Grade 3,D,garcia.autumn@example.com,5470.1,None,95.67,Active
SCH-2026-1022,Nicole,Guerrero,2008-06-19,Male,Grade 12,B,guerrero.nicole@example.com,10779.06,None,77.27,Active
SCH-2026-1023,Ralph,Carrillo,2016-01-06,Female,Grade 5,C,carrillo.ralph@example.com,3007.64,None,77.28,Active
SCH-2026-1024,Sharon,Harris,2015-04-03,Others,Grade 5,A,harris.sharon@example.com,8638.1,None,98.8,Active
SCH-2026-1025,Michelle,Goodwin,2015-12-05,Others,Grade 4,C,goodwin.michelle@example.com,4026.49,None,98.82,Active
SCH-2026-1026,Kaitlyn,Garcia,2009-07-18,Female,Grade 11,D,garcia.kaitlyn@example.com,7462.17,None,98.28,Active
SCH-2026-1027,Stephanie,Anderson,2018-10-10,Male,Grade 2,D,anderson.stephanie@example.com,8980.6,None,85.52,Active
SCH-2026-1028,Leslie,Cordova,2017-07-11,Female,Grade 2,B,cordova.leslie@example.com,7688.64,None,80.74,Active
SCH-2026-1029,Brad,Payne,2020-12-29,Male,Kindergarten,D,payne.brad@example.com,5966.2,None,88.54,Active
SCH-2026-1030,David,Ryan,2012-08-13,Male,Grade 7,A,ryan.david@example.com,6835.68,None,97.35,Active
SCH-2026-1031,Aaron,Burns,2013-08-20,Male,Grade 6,D,burns.aaron@example.com,10040.08,Partial (25%),91.09,Active
SCH-2026-1032,Robert,Vaughan,2019-07-03,Female,Grade 1,B,vaughan.robert@example.com,5902.25,None,83.56,Active
SCH-2026-1033,Christopher,Sanchez,2016-08-13,Others,Grade 4,D,sanchez.christopher@example.com,5466.3,None,77.18,Active
SCH-2026-1034,Christine,Calderon,2013-10-31,Others,Grade 6,C,calderon.christine@example.com,6611.05,None,92.15,Active
SCH-2026-1035,David,Benitez,2012-11-11,Female,Grade 7,D,benitez.david@example.com,10648.89,None,97.61,Active
SCH-2026-1036,Katrina,Clark,2011-07-07,Male,Grade 9,D,clark.katrina@example.com,3645.99,Full Scholarship,79.88,Active
SCH-2026-1037,Morgan,Rodriguez,2021-05-28,Others,Preschool,E,rodriguez.morgan@example.com,10422.41,None,93.84,On Leave
SCH-2026-1038,Jennifer,Matthews,2009-01-30,Female,Grade 11,B,matthews.jennifer@example.com,5044.2,None,95.27,Withdrawn
SCH-2026-1039,Felicia,Baxter,2023-03-11,Female,Preschool,B,baxter.felicia@example.com,4817.39,Partial (25%),81.24,Active
SCH-2026-1040,Elizabeth,Cisneros,2016-08-07,Others,Grade 4,E,cisneros.elizabeth@example.com,8444.74,None,80.23,Active
SCH-2026-1041,Jeffrey,Beasley,2020-02-16,Male,Kindergarten,E,beasley.jeffrey@example.com,11094.33,Partial (50%),77.82,Active
SCH-2026-1042,Lisa,Hogan,2015-08-01,Female,Grade 4,A,hogan.lisa@example.com,5442.04,Partial (50%),98.04,Active
SCH-2026-1043,Robert,Sims,2021-08-22,Others,Preschool,A,sims.robert@example.com,4901.3,None,88.91,Withdrawn
SCH-2026-1044,Erin,Perez,2008-06-27,Female,Grade 12,D,perez.erin@example.com,9161.23,None,79.54,Active
SCH-2026-1045,Lisa,Gordon,2020-06-18,Others,Kindergarten,C,gordon.lisa@example.com,4870.1,None,79.22,Active
SCH-2026-1046,William,Rose,2017-04-03,Female,Grade 3,B,rose.william@example.com,4461.65,None,92.09,Active
SCH-2026-1047,Zachary,Alvarez,2009-05-05,Others,Grade 10,A,alvarez.zachary@example.com,9815.74,Partial (50%),79.02,Active
SCH-2026-1048,Brent,Wagner,2013-01-03,Male,Grade 8,A,wagner.brent@example.com,4243.11,Partial (50%),99.39,Active
SCH-2026-1049,Lauren,Thomas,2017-10-23,Male,Grade 2,D,thomas.lauren@example.com,5602.2,None,84.94,Withdrawn
SCH-2026-1050,Travis,Dixon,2017-01-11,Others,Grade 4,A,dixon.travis@example.com,7190.3,None,97.23,On Leave
SCH-2026-1051,Andrew,Gallagher,2017-04-02,Male,Grade 4,D,gallagher.andrew@example.com,4609.02,None,89.32,Active
SCH-2026-1052,Laura,Ramirez,2013-07-08,Female,Grade 6,E,ramirez.laura@example.com,3415.12,None,98.11,On Leave
SCH-2026-1053,John,Reynolds,2014-01-16,Female,Grade 6,D,reynolds.john@example.com,5044.16,None,89.68,Active
SCH-2026-1054,Melissa,Cook,2015-03-08,Female,Grade 6,D,cook.melissa@example.com,4603.55,None,84.43,Active
SCH-2026-1055,Shawn,Shaffer,2018-01-28,Others,Grade 3,A,shaffer.shawn@example.com,11922.44,Partial (25%),99.43,Active
SCH-2026-1056,Michael,Carpenter,2020-06-24,Others,Kindergarten,C,carpenter.michael@example.com,6449.64,None,96.45,Active
SCH-2026-1057,Michael,Harvey,2010-06-01,Male,Grade 9,C,harvey.michael@example.com,7382.34,None,75.85,Active
SCH-2026-1058,Karen,Rice,2021-11-20,Male,Preschool,C,rice.karen@example.com,10280.35,None,77.65,Active
SCH-2026-1059,Gabriela,Phillips,2018-06-08,Others,Grade 1,E,phillips.gabriela@example.com,4571.07,None,93.64,Active
SCH-2026-1060,Lawrence,Patel,2009-09-05,Male,Grade 11,B,patel.lawrence@example.com,4323.63,None,94.11,Withdrawn
SCH-2026-1061,Haley,Perez,2009-02-23,Female,Grade 12,B,perez.haley@example.com,8972.44,None,99.85,Active
SCH-2026-1062,Christopher,Campbell,2021-01-19,Others,Preschool,A,campbell.christopher@example.com,4729.05,None,81.49,Active
SCH-2026-1063,Jenny,Johnson,2014-03-28,Male,Grade 6,E,johnson.jenny@example.com,4347.96,None,84.2,Active
SCH-2026-1064,Richard,Smith,2017-07-23,Male,Grade 3,C,smith.richard@example.com,7432.43,None,78.35,Active
SCH-2026-1065,Michael,Harris,2020-08-19,Male,Preschool,E,harris.michael@example.com,7741.59,None,95.36,Active
SCH-2026-1066,Jacob,Mason,2021-01-26,Male,Kindergarten,B,mason.jacob@example.com,10304.42,None,91.2,Active
SCH-2026-1067,Phillip,Glass,2015-05-27,Others,Grade 5,A,glass.phillip@example.com,11492.74,None,89.13,Withdrawn
SCH-2026-1068,Carolyn,Alexander,2013-05-21,Female,Grade 7,A,alexander.carolyn@example.com,7854.15,None,98.0,Active
SCH-2026-1069,Margaret,Yoder,2021-01-18,Others,Preschool,A,yoder.margaret@example.com,9204.32,None,75.67,Active
SCH-2026-1070,Lisa,Green,2017-03-03,Female,Grade 4,B,green.lisa@example.com,3961.76,None,81.24,Withdrawn
SCH-2026-1071,Kristin,Haas,2016-10-03,Others,Grade 3,A,haas.kristin@example.com,9251.87,None,88.66,Active
SCH-2026-1072,Jonathan,King,2008-06-20,Male,Grade 12,A,king.jonathan@example.com,6485.76,None,94.66,Active
SCH-2026-1073,Joshua,Weaver,2019-05-11,Others,Grade 1,D,weaver.joshua@example.com,5043.22,None,80.41,Active
SCH-2026-1074,Paul,Snyder,2011-03-17,Others,Grade 9,C,snyder.paul@example.com,11638.74,None,80.65,Active
SCH-2026-1075,James,Herrera,2019-08-26,Female,Kindergarten,E,herrera.james@example.com,10848.45,Partial (25%),88.11,Active
SCH-2026-1076,Danielle,Bass,2017-06-03,Female,Grade 3,D,bass.danielle@example.com,4069.76,None,94.54,Active
SCH-2026-1077,Annette,Daniels,2017-09-17,Male,Grade 2,A,daniels.annette@example.com,5541.03,None,97.41,Withdrawn
SCH-2026-1078,Michelle,Thomas,2018-04-23,Others,Grade 3,D,thomas.michelle@example.com,4936.99,None,88.74,Active
SCH-2026-1079,Hunter,Gonzalez,2021-01-28,Female,Preschool,A,gonzalez.hunter@example.com,9161.78,None,86.53,Active
SCH-2026-1080,Charles,Bentley,2015-01-16,Male,Grade 6,D,bentley.charles@example.com,6159.6,None,83.56,Active
SCH-2026-1081,Sergio,Patel,2011-09-02,Others,Grade 8,D,patel.sergio@example.com,9206.98,Partial (50%),99.68,Withdrawn
SCH-2026-1082,Tracy,Nelson,2008-02-12,Male,Grade 12,B,nelson.tracy@example.com,5512.23,Partial (25%),99.94,Withdrawn
SCH-2026-1083,Derrick,Olson,2012-08-23,Others,Grade 7,A,olson.derrick@example.com,10845.55,None,81.34,Active
SCH-2026-1084,Michelle,Payne,2011-10-05,Female,Grade 9,C,payne.michelle@example.com,11047.13,None,79.08,Active
SCH-2026-1085,Omar,Duncan,2018-04-03,Others,Grade 2,D,duncan.omar@example.com,3821.61,None,92.87,On Leave
SCH-2026-1086,Timothy,Murray,2011-08-12,Female,Grade 8,E,murray.timothy@example.com,5372.35,None,92.67,Active
SCH-2026-1087,James,Grant,2017-10-17,Male,Grade 3,A,grant.james@example.com,6852.11,Partial (50%),77.5,Active
SCH-2026-1088,Nathan,Figueroa,2021-09-02,Others,Preschool,D,figueroa.nathan@example.com,7955.91,None,96.89,Active
SCH-2026-1089,Chad,Simmons,2020-11-10,Male,Kindergarten,C,simmons.chad@example.com,4287.11,Full Scholarship,84.17,Active
SCH-2026-1090,Gina,Bishop,2008-05-17,Others,Grade 12,E,bishop.gina@example.com,7930.23,None,96.79,Active
SCH-2026-1091,Angela,Stephens,2011-05-14,Male,Grade 9,C,stephens.angela@example.com,4409.7,None,87.63,Active
SCH-2026-1092,Matthew,Hale,2017-03-12,Male,Grade 3,B,hale.matthew@example.com,4344.29,None,78.18,Active
SCH-2026-1093,Sean,Maxwell,2012-08-26,Others,Grade 7,E,maxwell.sean@example.com,10830.0,None,81.53,Active
SCH-2026-1094,Kimberly,Sanders,2013-01-26,Female,Grade 8,E,sanders.kimberly@example.com,7614.21,None,91.29,Withdrawn
SCH-2026-1095,Johnny,Frost,2022-05-06,Female,Preschool,C,frost.johnny@example.com,10834.85,None,87.82,Active
SCH-2026-1096,Courtney,Fox,2010-03-12,Male,Grade 11,E,fox.courtney@example.com,8641.42,None,89.2,Active
SCH-2026-1097,Manuel,Parker,2017-03-19,Male,Grade 3,E,parker.manuel@example.com,8634.75,None,77.51,Active
SCH-2026-1098,Edward,Boone,2018-12-08,Male,Grade 1,C,boone.edward@example.com,10536.28,Partial (25%),75.14,Active
SCH-2026-1099,Joshua,Saunders,2015-11-21,Female,Grade 4,C,saunders.joshua@example.com,10190.58,None,87.16,Active
SCH-2026-1100,Maurice,Williamson,2008-12-10,Others,Grade 12,C,williamson.maurice@example.com,11397.28,None,77.42,Active
SCH-2026-1101,Nicholas,Faulkner,2011-11-17,Male,Grade 8,D,faulkner.nicholas@example.com,11272.19,Full Scholarship,97.12,Active
SCH-2026-1102,Eileen,Horton,2013-08-10,Female,Grade 6,E,horton.eileen@example.com,11906.09,None,82.54,Active
SCH-2026-1103,Helen,Everett,2014-03-05,Male,Grade 6,E,everett.helen@example.com,10911.54,None,83.86,Active
SCH-2026-1104,Jacqueline,Vaughan,2014-11-20,Female,Grade 5,A,vaughan.jacqueline@example.com,9932.96,None,77.36,Active
SCH-2026-1105,Scott,Hale,2009-12-29,Female,Grade 10,E,hale.scott@example.com,4348.1,None,97.78,Active
SCH-2026-1106,Kelly,Hansen,2011-08-26,Others,Grade 9,A,hansen.kelly@example.com,11157.5,None,96.79,Active
SCH-2026-1107,Rachel,Smith,2013-04-18,Female,Grade 8,A,smith.rachel@example.com,7747.96,None,79.19,Active
SCH-2026-1108,Penny,Richardson,2012-07-08,Others,Grade 8,C,richardson.penny@example.com,9907.81,None,99.66,Active
SCH-2026-1109,Brian,Rose,2012-07-09,Others,Grade 8,E,rose.brian@example.com,3135.0,None,91.1,Active
SCH-2026-1110,Seth,Martin,2020-01-26,Others,Kindergarten,E,martin.seth@example.com,8059.66,None,86.81,Active
SCH-2026-1111,Deanna,Fletcher,2007-11-01,Female,Grade 12,A,fletcher.deanna@example.com,5679.86,None,94.44,Active
SCH-2026-1112,Natalie,Mccarthy,2015-09-08,Female,Grade 4,E,mccarthy.natalie@example.com,9920.5,None,79.31,Active
SCH-2026-1113,Richard,Smith,2018-06-09,Female,Grade 2,C,smith.richard@example.com,9013.45,Partial (25%),84.47,Active
SCH-2026-1114,Carlos,Riley,2019-07-29,Male,Kindergarten,A,riley.carlos@example.com,5019.01,None,86.92,Active
SCH-2026-1115,Brandon,Thomas,2017-03-15,Male,Grade 4,E,thomas.brandon@example.com,7270.52,None,75.63,Active
SCH-2026-1116,Mathew,Austin,2012-10-31,Male,Grade 8,D,austin.mathew@example.com,7147.58,None,93.29,Active
SCH-2026-1117,Lee,Mendoza,2019-11-20,Female,Kindergarten,A,mendoza.lee@example.com,11266.54,None,82.72,Active
SCH-2026-1118,Christopher,Mccann,2008-07-06,Others,Grade 11,E,mccann.christopher@example.com,11705.11,None,84.9,Withdrawn
SCH-2026-1119,Stephanie,Gibson,2011-05-27,Others,Grade 9,C,gibson.stephanie@example.com,5547.51,None,94.08,Active
SCH-2026-1120,Charles,Mccoy,2022-04-19,Female,Preschool,B,mccoy.charles@example.com,10200.1,Full Scholarship,79.38,Active
SCH-2026-1121,Jorge,Whitaker,2011-04-26,Female,Grade 9,C,whitaker.jorge@example.com,8147.35,None,93.3,Active
SCH-2026-1122,Elizabeth,Rodriguez,2018-05-28,Female,Grade 1,B,rodriguez.elizabeth@example.com,7028.23,Partial (25%),80.51,Active
SCH-2026-1123,Eric,Murphy,2013-10-21,Male,Grade 6,B,murphy.eric@example.com,7853.28,None,78.6,Active
SCH-2026-1124,Christopher,Riley,2018-12-29,Others,Grade 2,C,riley.christopher@example.com,9319.65,None,83.74,Active
SCH-2026-1125,John,Smith,2010-05-11,Others,Grade 9,C,smith.john@example.com,6336.61,None,83.02,Withdrawn
SCH-2026-1126,Bradley,Lewis,2018-09-10,Others,Grade 2,C,lewis.bradley@example.com,3671.96,Partial (25%),77.81,Active
SCH-2026-1127,Brian,Schneider,2020-01-13,Female,Kindergarten,A,schneider.brian@example.com,10136.88,None,89.39,Active
SCH-2026-1128,Abigail,Murray,2012-07-30,Female,Grade 8,A,murray.abigail@example.com,9593.87,None,95.42,On Leave
SCH-2026-1129,Jessica,Sherman,2012-05-13,Female,Grade 7,C,sherman.jessica@example.com,7665.08,Partial (25%),90.13,Active
SCH-2026-1130,Mason,Harris,2017-01-02,Male,Grade 3,B,harris.mason@example.com,9487.42,None,85.57,Active
SCH-2026-1131,Robert,Kelly,2021-01-31,Others,Kindergarten,C,kelly.robert@example.com,6205.27,Full Scholarship,90.64,Active
SCH-2026-1132,Justin,Duran,2012-03-19,Male,Grade 8,C,duran.justin@example.com,8681.21,None,81.69,Active
SCH-2026-1133,Derek,Cooper,2009-10-09,Male,Grade 11,C,cooper.derek@example.com,9180.0,None,88.58,On Leave
SCH-2026-1134,Austin,Hester,2018-09-27,Female,Grade 1,A,hester.austin@example.com,6136.7,Partial (25%),81.83,Active
SCH-2026-1135,Robert,Hill,2013-09-11,Others,Grade 7,D,hill.robert@example.com,9280.7,None,82.3,Active
SCH-2026-1136,Samuel,Johnson,2016-09-06,Female,Grade 4,B,johnson.samuel@example.com,10946.6,None,81.19,Active
SCH-2026-1137,James,Long,2014-05-08,Others,Grade 6,E,long.james@example.com,10118.75,None,87.41,Active
SCH-2026-1138,Darlene,Santos,2020-08-08,Male,Kindergarten,B,santos.darlene@example.com,10852.67,None,87.22,Active
SCH-2026-1139,Veronica,Stephenson,2012-09-28,Others,Grade 7,C,stephenson.veronica@example.com,3017.84,None,95.15,On Leave
SCH-2026-1140,Gregory,Leonard,2015-01-21,Female,Grade 6,B,leonard.gregory@example.com,5794.62,None,80.33,Active
SCH-2026-1141,Julie,Rogers,2017-11-07,Female,Grade 2,A,rogers.julie@example.com,8637.78,None,87.84,Active
SCH-2026-1142,Raymond,Reynolds,2019-11-18,Male,Kindergarten,D,reynolds.raymond@example.com,6303.79,None,99.65,Withdrawn
SCH-2026-1143,Gregory,Moore,2013-06-10,Female,Grade 7,C,moore.gregory@example.com,5403.63,None,90.17,Active
SCH-2026-1144,David,Sanchez,2021-04-13,Female,Preschool,D,sanchez.david@example.com,10914.02,None,78.13,Active
SCH-2026-1145,Kimberly,Armstrong,2019-11-11,Others,Grade 1,A,armstrong.kimberly@example.com,5285.17,Partial (25%),80.92,Withdrawn
SCH-2026-1146,Raymond,Moran,2011-09-01,Others,Grade 8,D,moran.raymond@example.com,5833.65,None,99.53,Active
SCH-2026-1147,Angela,Duncan,2021-02-26,Others,Kindergarten,E,duncan.angela@example.com,11115.76,None,82.25,Active
SCH-2026-1148,Stephanie,Medina,2010-04-07,Female,Grade 10,D,medina.stephanie@example.com,6059.31,Partial (25%),91.58,Active
SCH-2026-1149,Carrie,Hernandez,2016-11-16,Female,Grade 4,A,hernandez.carrie@example.com,4223.57,None,92.3,Active
SCH-2026-1150,Jessica,Weber,2016-10-26,Others,Grade 3,C,weber.jessica@example.com,8002.87,None,99.29,Active
SCH-2026-1151,John,Perez,2019-11-12,Female,Kindergarten,D,perez.john@example.com,6576.31,Partial (50%),75.97,On Leave
SCH-2026-1152,Michelle,Daniels,2018-05-04,Female,Grade 1,D,daniels.michelle@example.com,3917.12,None,99.65,On Leave
SCH-2026-1153,Patrick,Lara,2016-02-10,Female,Grade 4,E,lara.patrick@example.com,9555.76,None,85.06,Active
SCH-2026-1154,Ryan,Beard,2012-01-22,Others,Grade 9,E,beard.ryan@example.com,8563.04,None,98.33,Active
SCH-2026-1155,Kristine,Rodriguez,2011-05-06,Others,Grade 8,B,rodriguez.kristine@example.com,6852.27,None,87.73,Active
SCH-2026-1156,Rachel,Kelly,2017-01-31,Male,Grade 3,E,kelly.rachel@example.com,7051.25,None,95.54,Active
SCH-2026-1157,Larry,Evans,2022-01-03,Female,Preschool,D,evans.larry@example.com,5168.97,Full Scholarship,86.83,Active
SCH-2026-1158,Christopher,Jordan,2016-04-06,Others,Grade 4,B,jordan.christopher@example.com,4114.65,None,99.25,Active
SCH-2026-1159,Donna,Humphrey,2019-05-29,Others,Kindergarten,D,humphrey.donna@example.com,3927.25,Partial (25%),87.4,Active
SCH-2026-1160,Robin,Taylor,2008-02-01,Others,Grade 12,A,taylor.robin@example.com,9934.86,Partial (25%),83.5,Active
SCH-2026-1161,Tammy,Hernandez,2009-02-23,Female,Grade 11,D,hernandez.tammy@example.com,4273.76,None,91.05,Active
SCH-2026-1162,Taylor,Harvey,2010-09-25,Female,Grade 10,C,harvey.taylor@example.com,5956.8,Partial (50%),77.08,Active
SCH-2026-1163,Amanda,Park,2018-11-08,Others,Grade 2,B,park.amanda@example.com,8919.96,None,87.12,Active
SCH-2026-1164,Aaron,Conway,2012-04-30,Female,Grade 7,E,conway.aaron@example.com,8577.67,None,93.51,Withdrawn
SCH-2026-1165,Brooke,Turner,2016-04-29,Male,Grade 4,D,turner.brooke@example.com,11157.0,None,94.08,Active
SCH-2026-1166,Scott,Morales,2018-05-11,Female,Grade 2,B,morales.scott@example.com,6809.85,None,99.81,On Leave
SCH-2026-1167,Lisa,Sanchez,2020-01-01,Male,Kindergarten,E,sanchez.lisa@example.com,7788.11,None,99.84,On Leave
SCH-2026-1168,Rachel,Rodriguez,2017-02-26,Others,Grade 3,E,rodriguez.rachel@example.com,11901.54,None,99.65,Active
SCH-2026-1169,Tracey,Holmes,2009-11-04,Male,Grade 11,A,holmes.tracey@example.com,8360.19,None,95.05,Active
SCH-2026-1170,Victoria,Bowers,2014-04-08,Others,Grade 6,B,bowers.victoria@example.com,6390.01,Partial (25%),89.31,Active
SCH-2026-1171,Marie,Miller,2018-05-24,Male,Grade 1,A,miller.marie@example.com,11847.5,None,83.93,Active
SCH-2026-1172,Deanna,Brooks,2009-01-24,Others,Grade 12,A,brooks.deanna@example.com,8442.52,Partial (25%),93.11,Active
SCH-2026-1173,Joanna,Boyd,2014-09-05,Male,Grade 5,D,boyd.joanna@example.com,4396.45,None,89.4,Active
SCH-2026-1174,Paul,Henry,2013-07-07,Others,Grade 7,B,henry.paul@example.com,9447.71,None,75.41,Active
SCH-2026-1175,Cynthia,Martinez,2019-11-21,Female,Kindergarten,E,martinez.cynthia@example.com,5477.12,Partial (25%),97.52,Active
SCH-2026-1176,Rick,Jackson,2010-06-17,Female,Grade 9,A,jackson.rick@example.com,11933.69,None,77.28,Active
SCH-2026-1177,Matthew,Smith,2020-07-02,Male,Kindergarten,A,smith.matthew@example.com,8563.34,None,90.46,Active
SCH-2026-1178,Travis,Graves,2020-12-01,Female,Kindergarten,D,graves.travis@example.com,4878.45,None,86.77,Active
SCH-2026-1179,Robert,Nguyen,2022-02-17,Male,Preschool,A,nguyen.robert@example.com,8428.75,None,96.87,Active
SCH-2026-1180,David,Herring,2019-01-26,Male,Grade 2,D,herring.david@example.com,7287.62,None,77.44,Active
SCH-2026-1181,Keith,Frey,2015-05-19,Others,Grade 5,B,frey.keith@example.com,8138.07,None,86.14,Active
SCH-2026-1182,John,Stone,2019-10-14,Male,Grade 1,B,stone.john@example.com,10941.34,Partial (25%),76.29,Active
SCH-2026-1183,Marco,Perez,2011-07-02,Female,Grade 8,E,perez.marco@example.com,4633.11,None,99.87,Active
SCH-2026-1184,Travis,Walker,2023-04-16,Male,Preschool,A,walker.travis@example.com,4605.09,None,81.93,Active
SCH-2026-1185,Terri,Beasley,2013-12-18,Others,Grade 7,D,beasley.terri@example.com,5488.25,None,77.67,Active
SCH-2026-1186,Virginia,Patrick,2019-12-27,Male,Kindergarten,E,patrick.virginia@example.com,10754.97,None,76.49,Active
SCH-2026-1187,Bruce,Berry,2008-05-10,Others,Grade 11,A,berry.bruce@example.com,4056.18,None,88.4,Active
SCH-2026-1188,Deborah,Glover,2015-03-24,Male,Grade 5,A,glover.deborah@example.com,11574.07,Partial (50%),79.35,On Leave
SCH-2026-1189,Nicole,Morales,2007-10-25,Male,Grade 12,E,morales.nicole@example.com,8923.23,Partial (25%),95.09,Active
SCH-2026-1190,Jeffery,Brown,2012-07-26,Male,Grade 7,E,brown.jeffery@example.com,3918.66,None,92.11,Active
SCH-2026-1191,Kevin,Dixon,2015-05-07,Others,Grade 5,C,dixon.kevin@example.com,7759.73,None,80.96,Active
SCH-2026-1192,Jennifer,Johnson,2019-10-16,Others,Grade 1,D,johnson.jennifer@example.com,9836.39,Partial (50%),79.32,Active
SCH-2026-1193,Melissa,Ruiz,2022-03-18,Female,Preschool,D,ruiz.melissa@example.com,10370.41,None,92.02,Active
SCH-2026-1194,Jeff,Campos,2021-11-03,Male,Preschool,D,campos.jeff@example.com,5310.33,None,96.34,Active
SCH-2026-1195,David,Smith,2020-08-15,Others,Kindergarten,E,smith.david@example.com,9873.17,None,91.68,Active
SCH-2026-1196,Gregory,Parker,2008-02-02,Male,Grade 12,A,parker.gregory@example.com,7509.86,Partial (25%),80.56,Withdrawn
SCH-2026-1197,Elizabeth,Smith,2020-02-13,Female,Kindergarten,D,smith.elizabeth@example.com,6787.66,None,94.65,Active
SCH-2026-1198,Annette,Bowman,2018-03-09,Others,Grade 3,D,bowman.annette@example.com,7357.06,Partial (50%),89.29,Active
SCH-2026-1199,Sarah,Porter,2020-05-05,Male,Preschool,E,porter.sarah@example.com,4950.59,Partial (25%),75.28,Active
SCH-2026-1200,Peggy,Boyer,2010-04-17,Female,Grade 11,B,boyer.peggy@example.com,8446.23,None,82.21,Active
SCH-2026-1201,Sharon,Small,2016-12-05,Male,Grade 3,D,small.sharon@example.com,7508.18,Partial (25%),95.21,Active
SCH-2026-1202,Patricia,Barrett,2016-12-06,Others,Grade 3,D,barrett.patricia@example.com,10002.67,None,85.13,Active
SCH-2026-1203,Lisa,Lewis,2007-11-05,Male,Grade 12,A,lewis.lisa@example.com,3953.9,None,76.93,Active
SCH-2026-1204,Crystal,Henderson,2008-11-09,Female,Grade 12,D,henderson.crystal@example.com,8986.32,Full Scholarship,90.11,Active
SCH-2026-1205,Ryan,George,2011-12-26,Others,Grade 8,A,george.ryan@example.com,9280.85,None,95.47,Active
SCH-2026-1206,Gary,Nichols,2011-09-19,Female,Grade 8,E,nichols.gary@example.com,6768.64,None,89.3,Active
SCH-2026-1207,Samantha,Sullivan,2012-04-19,Male,Grade 9,D,sullivan.samantha@example.com,3923.97,Partial (25%),87.95,Active
SCH-2026-1208,Jeffrey,Davis,2010-10-10,Female,Grade 10,B,davis.jeffrey@example.com,4828.79,None,95.79,Active
SCH-2026-1209,Melissa,Willis,2012-02-27,Others,Grade 9,B,willis.melissa@example.com,6167.39,Partial (25%),84.43,Active
SCH-2026-1210,Madison,Sanchez,2008-05-05,Male,Grade 11,E,sanchez.madison@example.com,8401.77,None,92.84,On Leave
SCH-2026-1211,Adam,Fox,2009-03-07,Male,Grade 11,B,fox.adam@example.com,3410.14,None,79.88,Active
SCH-2026-1212,Sandra,Brooks,2014-05-27,Others,Grade 6,D,brooks.sandra@example.com,7357.5,None,90.9,Active
SCH-2026-1213,Alexis,Williamson,2011-06-11,Others,Grade 8,E,williamson.alexis@example.com,4540.07,Partial (25%),98.71,Active
SCH-2026-1214,Jennifer,Bishop,2020-02-03,Others,Kindergarten,B,bishop.jennifer@example.com,5302.68,None,79.11,Active
SCH-2026-1215,Mackenzie,Moody,2015-09-01,Female,Grade 5,D,moody.mackenzie@example.com,3940.57,None,91.46,Active
SCH-2026-1216,Stacy,Hays,2012-12-09,Others,Grade 8,E,hays.stacy@example.com,8341.99,None,90.2,Active
SCH-2026-1217,William,Smith,2011-06-09,Others,Grade 9,D,smith.william@example.com,4409.9,None,86.68,Active
SCH-2026-1218,Charles,Nguyen,2011-10-27,Male,Grade 8,E,nguyen.charles@example.com,4826.1,None,77.62,Active
SCH-2026-1219,William,Roberts,2011-07-02,Female,Grade 9,A,roberts.william@example.com,7678.85,None,88.13,Active
SCH-2026-1220,Tracy,Yoder,2015-03-08,Female,Grade 5,C,yoder.tracy@example.com,7591.86,Full Scholarship,94.57,Active
SCH-2026-1221,Michael,Porter,2016-08-18,Others,Grade 3,B,porter.michael@example.com,4511.33,Partial (25%),79.59,Active
SCH-2026-1222,Debbie,Rodriguez,2013-06-06,Female,Grade 6,E,rodriguez.debbie@example.com,8454.75,Partial (50%),85.75,Active
SCH-2026-1223,Jessica,Johnson,2012-03-12,Female,Grade 9,B,johnson.jessica@example.com,11497.11,Full Scholarship,88.77,Active
SCH-2026-1224,Christopher,Martinez,2016-03-03,Others,Grade 5,B,martinez.christopher@example.com,8144.24,None,92.31,Active
SCH-2026-1225,Kristen,Harris,2016-12-04,Female,Grade 4,E,harris.kristen@example.com,11757.14,None,91.75,Active
SCH-2026-1226,Donald,Nelson,2008-08-24,Others,Grade 11,B,nelson.donald@example.com,7316.99,None,91.44,Active
SCH-2026-1227,David,Hunt,2014-08-02,Male,Grade 6,A,hunt.david@example.com,9591.16,None,99.17,Active
SCH-2026-1228,Brenda,Reyes,2009-05-06,Male,Grade 10,C,reyes.brenda@example.com,5124.15,None,88.75,Active
SCH-2026-1229,John,Doyle,2012-06-22,Others,Grade 8,B,doyle.john@example.com,4549.19,None,92.34,Active
SCH-2026-1230,James,Dixon,2017-11-02,Male,Grade 2,D,dixon.james@example.com,3502.1,None,99.98,Active
SCH-2026-1231,Charles,Wright,2011-08-15,Others,Grade 9,B,wright.charles@example.com,6034.27,None,93.94,Active
SCH-2026-1232,Jacob,Cannon,2009-04-23,Female,Grade 11,D,cannon.jacob@example.com,7896.67,None,94.48,Active
SCH-2026-1233,John,Burke,2012-06-22,Female,Grade 7,A,burke.john@example.com,9577.59,None,97.48,Active
SCH-2026-1234,Sharon,Ford,2012-06-16,Male,Grade 7,C,ford.sharon@example.com,7053.02,None,85.38,Withdrawn
SCH-2026-1235,Jamie,Ellis,2018-04-14,Male,Grade 2,A,ellis.jamie@example.com,5426.43,None,96.84,Active
SCH-2026-1236,Leslie,Villarreal,2010-12-17,Others,Grade 9,B,villarreal.leslie@example.com,10433.65,Partial (25%),80.4,Withdrawn
SCH-2026-1237,Lori,Greer,2007-12-25,Male,Grade 12,E,greer.lori@example.com,10172.21,None,75.8,Active
SCH-2026-1238,Kevin,Smith,2020-05-08,Male,Kindergarten,D,smith.kevin@example.com,11913.62,Partial (25%),88.03,Active
SCH-2026-1239,Chelsea,Long,2020-02-29,Others,Grade 1,D,long.chelsea@example.com,3506.13,None,75.25,Active
SCH-2026-1240,Katherine,Page,2010-03-04,Female,Grade 10,D,page.katherine@example.com,8893.04,Partial (50%),89.05,Active
SCH-2026-1241,Teresa,Horton,2012-07-20,Male,Grade 7,A,horton.teresa@example.com,9524.82,Partial (25%),82.72,Active
SCH-2026-1242,Cody,Lopez,2007-09-15,Male,Grade 12,D,lopez.cody@example.com,11915.82,Partial (25%),90.39,Active
SCH-2026-1243,Edward,Thompson,2021-10-27,Female,Preschool,B,thompson.edward@example.com,7597.33,None,82.66,Active
SCH-2026-1244,Robin,Sanchez,2014-11-21,Male,Grade 6,B,sanchez.robin@example.com,10156.98,None,88.57,Active
SCH-2026-1245,Kelly,Douglas,2012-08-11,Female,Grade 7,A,douglas.kelly@example.com,3514.52,None,75.81,Active
SCH-2026-1246,Natasha,Robinson,2014-11-27,Others,Grade 6,B,robinson.natasha@example.com,4226.66,None,88.05,Active
SCH-2026-1247,Lauren,Adams,2020-12-28,Male,Kindergarten,D,adams.lauren@example.com,8192.94,Full Scholarship,84.13,Active
SCH-2026-1248,Doris,James,2018-12-03,Others,Grade 1,E,james.doris@example.com,5151.33,None,78.14,Active
SCH-2026-1249,Duane,Walker,2016-02-14,Male,Grade 5,D,walker.duane@example.com,4685.26,Partial (25%),79.32,Active
SCH-2026-1250,Robert,Romero,2016-02-03,Female,Grade 5,D,romero.robert@example.com,11669.01,Full Scholarship,78.55,Active
SCH-2026-1251,Michelle,Murphy,2015-11-27,Others,Grade 4,B,murphy.michelle@example.com,8179.01,Partial (25%),88.43,Active
SCH-2026-1252,Stephen,Haney,2017-06-27,Male,Grade 3,E,haney.stephen@example.com,8829.85,Partial (50%),83.62,Active
SCH-2026-1253,Jacob,Lopez,2017-04-30,Female,Grade 3,A,lopez.jacob@example.com,9266.35,Partial (25%),83.27,Withdrawn
SCH-2026-1254,Jeffrey,Adams,2018-10-05,Female,Grade 1,D,adams.jeffrey@example.com,9943.88,Full Scholarship,77.57,Active
SCH-2026-1255,Chelsea,Turner,2020-08-06,Female,Kindergarten,A,turner.chelsea@example.com,7980.53,None,94.41,Active
SCH-2026-1256,Timothy,Walker,2019-05-10,Others,Grade 1,B,walker.timothy@example.com,6957.79,None,79.7,Active
SCH-2026-1257,Kimberly,Ingram,2015-03-07,Others,Grade 5,D,ingram.kimberly@example.com,5540.92,None,80.99,Active
SCH-2026-1258,Kimberly,Caldwell,2020-04-01,Others,Grade 1,D,caldwell.kimberly@example.com,11073.39,None,82.6,Active
SCH-2026-1259,Mitchell,Bell,2016-06-02,Female,Grade 4,B,bell.mitchell@example.com,3751.97,None,81.3,Withdrawn
SCH-2026-1260,Christine,Keller,2022-04-03,Female,Preschool,D,keller.christine@example.com,5557.21,None,90.06,Active
SCH-2026-1261,Miranda,Jackson,2017-08-24,Male,Grade 3,B,jackson.miranda@example.com,10384.36,None,90.82,Active
SCH-2026-1262,Christina,Gutierrez,2021-04-01,Others,Kindergarten,A,gutierrez.christina@example.com,6925.85,None,98.04,Active
SCH-2026-1263,Tyler,Mccall,2018-05-05,Others,Grade 2,A,mccall.tyler@example.com,5177.68,None,78.81,Active
SCH-2026-1264,Rachel,Edwards,2015-08-17,Female,Grade 5,B,edwards.rachel@example.com,9317.09,None,75.37,Active
SCH-2026-1265,Gabrielle,Dixon,2013-09-11,Others,Grade 7,C,dixon.gabrielle@example.com,4164.79,None,81.41,Active
SCH-2026-1266,Dana,Owens,2017-05-12,Others,Grade 2,B,owens.dana@example.com,6401.57,None,81.64,Active
SCH-2026-1267,Jonathan,Andrews,2007-11-23,Female,Grade 12,E,andrews.jonathan@example.com,8316.09,None,89.12,Active
SCH-2026-1268,Julie,Sanchez,2016-08-31,Female,Grade 3,E,sanchez.julie@example.com,8798.61,None,84.35,Active
SCH-2026-1269,Elizabeth,Riddle,2018-06-22,Others,Grade 2,A,riddle.elizabeth@example.com,8068.42,Partial (25%),90.76,Active
SCH-2026-1270,Heather,Jackson,2019-06-13,Male,Grade 1,B,jackson.heather@example.com,11422.36,None,93.76,Active
SCH-2026-1271,Mary,Long,2008-05-03,Female,Grade 12,C,long.mary@example.com,6439.55,None,93.56,Active
SCH-2026-1272,Martin,Johnson,2021-01-24,Male,Preschool,C,johnson.martin@example.com,6510.49,None,82.99,Active
SCH-2026-1273,Johnathan,Maynard,2018-09-03,Female,Grade 2,A,maynard.johnathan@example.com,3133.79,Partial (50%),82.58,Active
SCH-2026-1274,Andrew,Mcfarland,2019-08-17,Male,Grade 1,B,mcfarland.andrew@example.com,7521.07,None,77.0,Active
SCH-2026-1275,Jason,Lowe,2012-12-07,Others,Grade 7,B,lowe.jason@example.com,11260.98,None,79.62,Active
SCH-2026-1276,Deanna,Webb,2020-12-24,Male,Kindergarten,A,webb.deanna@example.com,9693.21,Partial (50%),84.39,Active
SCH-2026-1277,Richard,White,2010-12-23,Others,Grade 10,B,white.richard@example.com,5961.03,None,94.33,Active
SCH-2026-1278,Bradley,Brown,2019-06-21,Others,Kindergarten,A,brown.bradley@example.com,5686.67,None,94.69,Active
SCH-2026-1279,Anthony,Cole,2015-07-31,Others,Grade 5,E,cole.anthony@example.com,8762.65,Full Scholarship,90.35,Active
SCH-2026-1280,Brandon,Smith,2011-05-10,Female,Grade 8,B,smith.brandon@example.com,7184.72,None,85.96,Active
SCH-2026-1281,Lori,Deleon,2013-09-24,Others,Grade 7,D,deleon.lori@example.com,11450.29,None,91.87,Active
SCH-2026-1282,Nathan,Torres,2020-02-23,Female,Grade 1,E,torres.nathan@example.com,6589.81,Partial (50%),91.4,Active
SCH-2026-1283,Susan,Lopez,2011-06-04,Female,Grade 9,E,lopez.susan@example.com,4389.45,None,84.19,Withdrawn
SCH-2026-1284,John,Adams,2019-01-22,Others,Grade 1,D,adams.john@example.com,11620.31,None,83.3,Active
SCH-2026-1285,Ronald,Williams,2011-10-17,Male,Grade 9,A,williams.ronald@example.com,5394.16,None,100.0,Active
SCH-2026-1286,Erin,Nichols,2016-12-31,Female,Grade 3,E,nichols.erin@example.com,11504.31,None,97.44,Active
SCH-2026-1287,Nathan,Montgomery,2018-04-15,Others,Grade 2,D,montgomery.nathan@example.com,7607.26,None,89.49,Active
SCH-2026-1288,Anna,Perkins,2020-03-02,Others,Grade 1,B,perkins.anna@example.com,7676.06,None,82.65,Active
SCH-2026-1289,Jared,Pena,2008-12-15,Others,Grade 12,D,pena.jared@example.com,5405.97,Partial (25%),93.06,Active
SCH-2026-1290,Molly,Schwartz,2008-10-30,Others,Grade 11,B,schwartz.molly@example.com,7055.93,None,99.76,Active
SCH-2026-1291,Michael,Golden,2020-12-20,Others,Kindergarten,E,golden.michael@example.com,8439.34,Partial (25%),80.6,Active
SCH-2026-1292,Marc,Williams,2009-03-20,Female,Grade 12,E,williams.marc@example.com,5410.91,None,85.25,Active
SCH-2026-1293,Mariah,Stewart,2019-11-12,Male,Grade 1,C,stewart.mariah@example.com,4748.64,None,76.27,Active
SCH-2026-1294,Kimberly,Smith,2016-10-28,Male,Grade 4,E,smith.kimberly@example.com,8936.35,None,77.24,Active
SCH-2026-1295,Laura,Hebert,2018-09-16,Others,Grade 2,C,hebert.laura@example.com,7427.75,None,89.87,Active
SCH-2026-1296,Mary,Snyder,2015-11-13,Female,Grade 4,B,snyder.mary@example.com,11177.31,None,76.15,Active
SCH-2026-1297,Anthony,Nunez,2015-07-21,Female,Grade 5,B,nunez.anthony@example.com,8615.2,Partial (25%),87.91,Active
SCH-2026-1298,David,Rodriguez,2010-09-28,Male,Grade 9,B,rodriguez.david@example.com,3229.39,None,95.65,Active
SCH-2026-1299,Christy,Ewing,2017-07-19,Male,Grade 3,E,ewing.christy@example.com,8131.21,None,80.35,Active
SCH-2026-1300,Gregory,Brown,2014-02-15,Female,Grade 7,C,brown.gregory@example.com,7398.66,None,78.64,Active
SCH-2026-1301,Courtney,Bates,2010-08-01,Female,Grade 10,E,bates.courtney@example.com,4301.36,Partial (50%),76.25,Active
SCH-2026-1302,Sarah,Buckley,2016-10-30,Others,Grade 3,D,buckley.sarah@example.com,11713.58,None,97.12,Active
SCH-2026-1303,Matthew,Gonzalez,2021-03-02,Others,Kindergarten,B,gonzalez.matthew@example.com,3722.7,None,83.15,Active
SCH-2026-1304,Susan,Rogers,2015-12-24,Others,Grade 4,C,rogers.susan@example.com,10370.0,Partial (25%),98.87,Active
SCH-2026-1305,Brittany,Willis,2011-07-06,Female,Grade 8,B,willis.brittany@example.com,3874.93,None,99.34,Active
SCH-2026-1306,Nathan,Wiggins,2013-08-08,Male,Grade 6,D,wiggins.nathan@example.com,7611.44,Partial (25%),78.89,Active
SCH-2026-1307,Kelly,Simmons,2012-04-22,Female,Grade 9,B,simmons.kelly@example.com,9456.27,None,95.22,Active
SCH-2026-1308,David,Nielsen,2016-09-13,Male,Grade 3,B,nielsen.david@example.com,6088.37,None,97.83,Active
SCH-2026-1309,Brian,Diaz,2010-07-18,Others,Grade 10,D,diaz.brian@example.com,6682.85,Partial (25%),90.22,Active
SCH-2026-1310,Wesley,Brown,2008-07-25,Male,Grade 11,B,brown.wesley@example.com,7633.58,None,92.46,Active
SCH-2026-1311,Brandy,Wallace,2011-07-27,Male,Grade 9,C,wallace.brandy@example.com,7151.51,None,77.7,Active
SCH-2026-1312,Michelle,Anderson,2012-06-12,Male,Grade 7,D,anderson.michelle@example.com,9864.96,None,88.34,Active
SCH-2026-1313,Kayla,Hogan,2012-12-13,Female,Grade 7,E,hogan.kayla@example.com,7563.46,None,84.68,Active
SCH-2026-1314,Oscar,Peters,2019-12-25,Female,Grade 1,C,peters.oscar@example.com,6700.47,Partial (50%),78.09,Active
SCH-2026-1315,Brian,Owens,2016-01-17,Female,Grade 5,C,owens.brian@example.com,10168.1,None,87.3,Active
SCH-2026-1316,Sarah,Ross,2011-10-07,Male,Grade 9,A,ross.sarah@example.com,3568.83,Partial (50%),99.33,Active
SCH-2026-1317,Rebecca,Braun,2009-12-13,Female,Grade 10,B,braun.rebecca@example.com,3315.98,Partial (25%),98.05,Active
SCH-2026-1318,David,Williams,2010-09-10,Male,Grade 9,E,williams.david@example.com,6680.94,Partial (25%),92.97,Active
SCH-2026-1319,Vickie,Alvarez,2016-05-18,Others,Grade 3,B,alvarez.vickie@example.com,3320.66,None,95.67,Active
SCH-2026-1320,Dana,Mack,2017-07-13,Female,Grade 3,A,mack.dana@example.com,3035.17,None,77.23,On Leave
SCH-2026-1321,Kayla,Collins,2010-03-16,Female,Grade 11,D,collins.kayla@example.com,9588.91,None,75.06,Active
SCH-2026-1322,Robert,Hill,2008-05-15,Male,Grade 11,B,hill.robert@example.com,8573.32,Full Scholarship,91.24,Active
SCH-2026-1323,Christopher,Camacho,2011-11-02,Female,Grade 8,A,camacho.christopher@example.com,11275.82,None,75.09,Active
SCH-2026-1324,Jennifer,Ramirez,2018-02-05,Others,Grade 2,D,ramirez.jennifer@example.com,7448.36,None,78.63,Active
SCH-2026-1325,Laurie,Henry,2008-11-30,Male,Grade 12,B,henry.laurie@example.com,5533.73,None,85.37,Active
SCH-2026-1326,Sheila,Hamilton,2014-02-27,Female,Grade 7,B,hamilton.sheila@example.com,5248.54,None,91.19,Active
SCH-2026-1327,Thomas,Mejia,2010-11-04,Others,Grade 10,D,mejia.thomas@example.com,9581.13,None,77.71,Active
SCH-2026-1328,Sandra,Smith,2019-02-16,Others,Grade 1,A,smith.sandra@example.com,3214.73,None,95.46,Active
SCH-2026-1329,Matthew,Franklin,2019-09-22,Female,Kindergarten,C,franklin.matthew@example.com,6891.59,None,96.74,Active
SCH-2026-1330,Julie,Harper,2016-04-19,Male,Grade 5,A,harper.julie@example.com,3522.99,None,83.3,Active
SCH-2026-1331,Geoffrey,Macias,2013-08-31,Others,Grade 6,A,macias.geoffrey@example.com,7034.73,None,96.07,Active
SCH-2026-1332,Andrea,Blake,2009-07-11,Male,Grade 11,A,blake.andrea@example.com,6463.36,Partial (50%),89.16,Active
SCH-2026-1333,Kathryn,Lamb,2009-11-15,Male,Grade 11,B,lamb.kathryn@example.com,5624.94,None,89.31,Active
SCH-2026-1334,Austin,Hunter,2010-10-27,Female,Grade 9,C,hunter.austin@example.com,5348.36,None,92.38,Active
SCH-2026-1335,Stephen,Cruz,2010-05-16,Others,Grade 9,B,cruz.stephen@example.com,9761.01,None,96.82,Active
SCH-2026-1336,Christopher,Boyer,2011-09-11,Male,Grade 9,A,boyer.christopher@example.com,8953.95,None,94.07,Active
SCH-2026-1337,Albert,Walker,2013-09-12,Female,Grade 6,D,walker.albert@example.com,6384.13,None,75.72,Withdrawn
SCH-2026-1338,Renee,Lee,2020-08-27,Male,Kindergarten,C,lee.renee@example.com,10516.98,None,94.09,Active
SCH-2026-1339,Margaret,Watts,2016-09-11,Male,Grade 4,C,watts.margaret@example.com,5956.0,None,88.78,Active
SCH-2026-1340,Melissa,Dixon,2019-07-19,Male,Kindergarten,D,dixon.melissa@example.com,10754.23,None,89.59,Active
SCH-2026-1341,Jack,Harrison,2017-05-13,Female,Grade 3,C,harrison.jack@example.com,6315.29,None,77.68,On Leave
SCH-2026-1342,James,Andrade,2017-06-05,Male,Grade 3,E,andrade.james@example.com,9582.25,None,99.67,Active
SCH-2026-1343,Derrick,Turner,2021-10-23,Female,Preschool,C,turner.derrick@example.com,11010.77,None,77.69,Active
SCH-2026-1344,Robert,Klein,2020-09-20,Female,Kindergarten,D,klein.robert@example.com,3762.99,Partial (25%),83.8,Active
SCH-2026-1345,Carlos,Aguilar,2012-08-13,Female,Grade 7,A,aguilar.carlos@example.com,10914.31,None,83.89,Active
SCH-2026-1346,Peter,Meza,2018-08-30,Others,Grade 2,A,meza.peter@example.com,11080.99,Partial (25%),98.3,Active
SCH-2026-1347,Cody,Juarez,2015-05-08,Male,Grade 5,B,juarez.cody@example.com,11035.77,Partial (50%),86.48,Active
SCH-2026-1348,Crystal,Marsh,2016-10-29,Female,Grade 3,D,marsh.crystal@example.com,6363.05,None,75.26,Active
SCH-2026-1349,Justin,Hurley,2020-03-24,Male,Kindergarten,C,hurley.justin@example.com,10209.86,None,89.22,Active
SCH-2026-1350,Jennifer,Clark,2016-07-19,Others,Grade 4,B,clark.jennifer@example.com,10865.32,Partial (50%),95.23,Active
SCH-2026-1351,Jason,Chandler,2017-08-27,Female,Grade 3,D,chandler.jason@example.com,10115.79,None,91.74,Active
SCH-2026-1352,Christina,Martin,2008-10-28,Others,Grade 12,D,martin.christina@example.com,3346.59,Partial (25%),82.27,Active
SCH-2026-1353,Joseph,Hart,2023-01-17,Male,Preschool,D,hart.joseph@example.com,9654.72,None,91.35,On Leave
SCH-2026-1354,Katie,Johnson,2020-09-26,Female,Kindergarten,D,johnson.katie@example.com,9398.67,None,98.27,Active
SCH-2026-1355,Katherine,Carter,2012-03-18,Others,Grade 9,C,carter.katherine@example.com,8970.82,None,91.51,Active
SCH-2026-1356,Laura,Hamilton,2021-02-17,Female,Kindergarten,D,hamilton.laura@example.com,6126.59,Partial (25%),88.86,Active
SCH-2026-1357,Debra,Elliott,2007-05-19,Female,Grade 12,E,elliott.debra@example.com,10398.71,Partial (50%),87.56,Withdrawn
SCH-2026-1358,Keith,Davis,2012-01-29,Female,Grade 8,E,davis.keith@example.com,10577.2,Partial (25%),97.14,Active
SCH-2026-1359,Mark,Alvarado,2017-12-10,Female,Grade 2,A,alvarado.mark@example.com,10824.96,None,84.91,Active
SCH-2026-1360,Tommy,Johnson,2013-10-02,Female,Grade 7,E,johnson.tommy@example.com,7735.7,None,78.84,Active
SCH-2026-1361,Samuel,Martin,2020-02-08,Male,Grade 1,A,martin.samuel@example.com,10324.53,None,93.3,Active
SCH-2026-1362,Frank,Kim,2017-05-29,Others,Grade 2,D,kim.frank@example.com,3220.95,None,97.1,Active
SCH-2026-1363,Donna,Rodriguez,2018-08-19,Male,Grade 1,A,rodriguez.donna@example.com,7056.88,None,85.11,Active
SCH-2026-1364,Brian,Valencia,2015-04-09,Male,Grade 5,A,valencia.brian@example.com,3400.88,Partial (25%),76.14,Active
SCH-2026-1365,Michael,Watson,2018-11-18,Male,Grade 1,C,watson.michael@example.com,11237.78,None,95.41,Active
SCH-2026-1366,Jennifer,Douglas,2015-03-14,Female,Grade 5,A,douglas.jennifer@example.com,4749.97,None,95.14,Active
SCH-2026-1367,Amanda,Underwood,2019-05-15,Female,Kindergarten,B,underwood.amanda@example.com,5574.16,None,94.98,Active
SCH-2026-1368,Jaime,Burns,2016-09-11,Male,Grade 3,D,burns.jaime@example.com,8694.41,None,93.1,Active
SCH-2026-1369,Teresa,Hart,2017-06-16,Others,Grade 2,D,hart.teresa@example.com,4207.71,None,89.76,Active
SCH-2026-1370,Miguel,Sanchez,2016-09-21,Male,Grade 4,D,sanchez.miguel@example.com,10492.34,None,81.27,Active
SCH-2026-1371,Jennifer,Wang,2012-08-13,Male,Grade 8,E,wang.jennifer@example.com,11850.35,Partial (50%),88.59,Active
SCH-2026-1372,Austin,Rasmussen,2018-03-10,Female,Grade 2,C,rasmussen.austin@example.com,11832.0,None,94.14,Active
SCH-2026-1373,James,Sellers,2020-08-22,Male,Kindergarten,B,sellers.james@example.com,11273.94,None,81.78,Active
SCH-2026-1374,Carol,Whitaker,2021-02-24,Female,Kindergarten,C,whitaker.carol@example.com,7618.05,None,86.18,Active
SCH-2026-1375,Christine,Doyle,2016-02-01,Others,Grade 4,E,doyle.christine@example.com,8351.4,Partial (25%),88.28,Active
SCH-2026-1376,Joseph,Phillips,2008-12-11,Female,Grade 12,D,phillips.joseph@example.com,9380.99,Partial (25%),82.06,Active
SCH-2026-1377,Kelly,Jones,2010-12-22,Female,Grade 9,C,jones.kelly@example.com,5614.01,Partial (50%),85.63,Active
SCH-2026-1378,Stephanie,Burton,2018-12-05,Female,Grade 2,B,burton.stephanie@example.com,7112.53,Partial (50%),93.06,Active
SCH-2026-1379,Jenny,Anderson,2009-09-23,Others,Grade 10,E,anderson.jenny@example.com,11259.12,None,82.35,Active
SCH-2026-1380,Joshua,Brooks,2017-09-15,Others,Grade 2,B,brooks.joshua@example.com,10820.57,Partial (25%),93.43,Active
SCH-2026-1381,Eric,Small,2010-01-29,Male,Grade 10,C,small.eric@example.com,8255.54,None,98.58,Active
SCH-2026-1382,Mary,Rogers,2011-08-20,Others,Grade 8,B,rogers.mary@example.com,11559.26,None,92.63,Active
SCH-2026-1383,Steven,Lambert,2013-07-24,Others,Grade 7,D,lambert.steven@example.com,7695.34,None,82.14,Active
SCH-2026-1384,Jeremy,Mcmahon,2018-09-22,Female,Grade 2,C,mcmahon.jeremy@example.com,6272.54,Full Scholarship,80.37,Active
SCH-2026-1385,Denise,Brown,2009-03-13,Others,Grade 12,E,brown.denise@example.com,8882.5,None,90.57,Active
SCH-2026-1386,Lisa,Patel,2011-06-26,Female,Grade 9,A,patel.lisa@example.com,3758.13,None,79.26,Active
SCH-2026-1387,Amber,Morgan,2015-12-31,Others,Grade 4,A,morgan.amber@example.com,8570.35,Partial (50%),78.31,Active
SCH-2026-1388,Tina,Morton,2022-01-04,Others,Preschool,A,morton.tina@example.com,7886.24,None,92.35,Active
SCH-2026-1389,Charles,Smith,2022-01-27,Others,Preschool,D,smith.charles@example.com,8863.68,None,81.93,Active
SCH-2026-1390,Diane,Wong,2008-07-07,Male,Grade 11,D,wong.diane@example.com,11243.73,None,96.98,Active
SCH-2026-1391,Michael,Armstrong,2012-06-02,Others,Grade 7,A,armstrong.michael@example.com,8128.9,None,84.76,Active
SCH-2026-1392,Kenneth,Morgan,2021-02-08,Others,Kindergarten,D,morgan.kenneth@example.com,5171.71,None,84.83,Active
SCH-2026-1393,Amber,Hansen,2016-03-31,Female,Grade 4,C,hansen.amber@example.com,10712.0,None,85.56,Active
SCH-2026-1394,Danielle,Pacheco,2013-07-07,Female,Grade 7,B,pacheco.danielle@example.com,6795.81,Partial (25%),79.66,Active
SCH-2026-1395,Gregory,Johnson,2009-08-24,Female,Grade 11,A,johnson.gregory@example.com,8908.22,Partial (25%),87.28,Active
SCH-2026-1396,Crystal,Brown,2020-12-01,Male,Kindergarten,A,brown.crystal@example.com,3608.49,Partial (25%),84.74,Active
SCH-2026-1397,Andrew,Salazar,2010-03-03,Male,Grade 11,B,salazar.andrew@example.com,10895.29,Partial (25%),94.24,Active
SCH-2026-1398,Theresa,Mccann,2020-03-17,Male,Kindergarten,A,mccann.theresa@example.com,10216.14,None,76.4,Active
SCH-2026-1399,Lori,Williams,2019-12-08,Male,Kindergarten,D,williams.lori@example.com,3507.19,None,93.67,Active
SCH-2026-1400,William,Blankenship,2008-07-24,Others,Grade 11,E,blankenship.william@example.com,9589.2,Partial (50%),87.52,Active
SCH-2026-1401,Richard,Miles,2016-02-26,Male,Grade 5,C,miles.richard@example.com,6253.57,Partial (25%),95.69,Active
SCH-2026-1402,Allison,Sanchez,2016-01-12,Others,Grade 4,C,sanchez.allison@example.com,7787.49,None,85.91,Active
SCH-2026-1403,Joseph,Jones,2018-08-11,Others,Grade 1,A,jones.joseph@example.com,3706.81,None,89.93,Active
SCH-2026-1404,Elizabeth,Williams,2013-10-14,Others,Grade 7,B,williams.elizabeth@example.com,10117.1,Partial (25%),80.91,Withdrawn
SCH-2026-1405,Katelyn,Gomez,2014-06-28,Others,Grade 5,C,gomez.katelyn@example.com,6275.3,None,78.21,Active
SCH-2026-1406,Erin,James,2015-02-28,Others,Grade 6,C,james.erin@example.com,6128.76,None,86.55,Active
SCH-2026-1407,Emily,Logan,2017-04-15,Male,Grade 4,C,logan.emily@example.com,5149.86,None,86.33,Active
SCH-2026-1408,Kristie,Jones,2009-10-03,Others,Grade 10,E,jones.kristie@example.com,4641.44,None,95.22,Active
SCH-2026-1409,Sarah,Davidson,2009-05-24,Female,Grade 10,A,davidson.sarah@example.com,11538.12,None,84.75,Active
SCH-2026-1410,Dominique,Calderon,2020-05-21,Others,Preschool,A,calderon.dominique@example.com,4600.83,None,89.33,Active
SCH-2026-1411,Tamara,Vincent,2011-04-10,Male,Grade 10,B,vincent.tamara@example.com,9965.7,None,91.54,Active
SCH-2026-1412,Nicholas,Benson,2019-10-29,Others,Grade 1,C,benson.nicholas@example.com,7195.2,None,83.7,Active
SCH-2026-1413,Carol,Anderson,2022-06-03,Others,Preschool,D,anderson.carol@example.com,6386.01,Partial (50%),89.9,Active
SCH-2026-1414,William,Richardson,2011-01-29,Male,Grade 10,E,richardson.william@example.com,5877.1,None,80.72,Active
SCH-2026-1415,Mary,Campos,2008-06-17,Others,Grade 11,B,campos.mary@example.com,8382.71,Partial (25%),94.98,Active
SCH-2026-1416,Kevin,Hart,2012-07-11,Male,Grade 7,A,hart.kevin@example.com,5717.87,None,85.48,Active
SCH-2026-1417,Kurt,Fields,2008-07-02,Male,Grade 12,D,fields.kurt@example.com,9196.76,Partial (50%),92.52,Active
SCH-2026-1418,Emily,Cox,2018-07-25,Male,Grade 2,B,cox.emily@example.com,4377.88,None,75.04,On Leave
SCH-2026-1419,Roger,Daniels,2022-10-12,Male,Preschool,D,daniels.roger@example.com,8848.6,Partial (25%),99.1,Active
SCH-2026-1420,Jonathan,Chambers,2008-12-17,Female,Grade 12,D,chambers.jonathan@example.com,9661.71,Partial (50%),86.25,Active
SCH-2026-1421,Megan,Arias,2013-01-03,Others,Grade 8,A,arias.megan@example.com,6858.05,Full Scholarship,87.92,Active
SCH-2026-1422,Douglas,Luna,2011-05-08,Female,Grade 9,C,luna.douglas@example.com,9353.2,Full Scholarship,81.74,Active
SCH-2026-1423,Tonya,Riddle,2018-09-13,Others,Grade 2,A,riddle.tonya@example.com,7247.42,None,76.57,Active
SCH-2026-1424,John,Navarro,2008-01-29,Male,Grade 12,A,navarro.john@example.com,6388.19,Partial (50%),78.02,Active
SCH-2026-1425,Angela,Obrien,2009-03-26,Female,Grade 11,C,obrien.angela@example.com,7245.14,None,87.75,Withdrawn
SCH-2026-1426,Theodore,Gutierrez,2008-06-08,Others,Grade 12,A,gutierrez.theodore@example.com,7899.49,None,98.84,Active
SCH-2026-1427,Ashley,Shelton,2015-05-23,Male,Grade 4,C,shelton.ashley@example.com,6240.21,None,90.76,Active
SCH-2026-1428,Teresa,Taylor,2009-08-07,Others,Grade 10,E,taylor.teresa@example.com,9600.26,Partial (50%),85.36,Active
SCH-2026-1429,Dale,Harrison,2009-11-15,Others,Grade 10,D,harrison.dale@example.com,5618.22,None,92.9,Active
SCH-2026-1430,Charles,Green,2021-11-18,Female,Preschool,A,green.charles@example.com,3358.97,None,91.3,Active
SCH-2026-1431,Joseph,Fleming,2010-07-17,Others,Grade 10,D,fleming.joseph@example.com,11555.64,Full Scholarship,97.65,Active
SCH-2026-1432,Theresa,Kelly,2009-04-06,Others,Grade 12,C,kelly.theresa@example.com,5467.33,None,93.09,Active
SCH-2026-1433,Sharon,Burch,2014-08-31,Others,Grade 6,A,burch.sharon@example.com,9445.55,None,86.12,Active
SCH-2026-1434,Steven,Bailey,2022-08-20,Male,Preschool,B,bailey.steven@example.com,6979.85,Full Scholarship,82.34,Active
SCH-2026-1435,Robert,Richard,2013-06-12,Male,Grade 7,B,richard.robert@example.com,3486.83,None,88.99,Active
SCH-2026-1436,John,Ellis,2015-09-13,Female,Grade 5,E,ellis.john@example.com,3926.55,Partial (50%),97.74,Active
SCH-2026-1437,David,Spencer,2017-04-22,Male,Grade 4,B,spencer.david@example.com,7144.09,None,94.43,Active
SCH-2026-1438,Jillian,Ortiz,2013-02-06,Others,Grade 8,C,ortiz.jillian@example.com,5701.58,Partial (25%),81.52,On Leave
SCH-2026-1439,Andrew,Glenn,2014-09-09,Others,Grade 5,E,glenn.andrew@example.com,5609.2,Partial (25%),81.95,Active
SCH-2026-1440,Robin,Frey,2016-08-02,Male,Grade 3,D,frey.robin@example.com,8093.26,Partial (25%),98.44,Active
SCH-2026-1441,Duane,Petersen,2010-02-15,Male,Grade 10,A,petersen.duane@example.com,8649.7,Partial (25%),89.47,Active
SCH-2026-1442,Cory,Peters,2009-11-28,Others,Grade 11,A,peters.cory@example.com,9641.88,Partial (50%),83.58,Active
SCH-2026-1443,Linda,Moore,2011-11-30,Female,Grade 8,B,moore.linda@example.com,8331.08,None,92.2,Active
SCH-2026-1444,Jasmine,Love,2012-02-01,Female,Grade 8,C,love.jasmine@example.com,3318.06,None,87.84,Active
SCH-2026-1445,Jennifer,Smith,2012-02-05,Male,Grade 8,B,smith.jennifer@example.com,8379.86,Partial (25%),86.98,Active
SCH-2026-1446,Marie,Spencer,2015-11-19,Others,Grade 4,B,spencer.marie@example.com,3721.3,Partial (25%),89.66,Active
SCH-2026-1447,Caitlin,Davis,2021-08-28,Others,Preschool,A,davis.caitlin@example.com,4184.22,Partial (25%),77.57,Active
SCH-2026-1448,David,Hale,2015-07-20,Male,Grade 4,E,hale.david@example.com,8552.01,None,86.73,Active
SCH-2026-1449,Matthew,Hartman,2013-03-18,Female,Grade 8,E,hartman.matthew@example.com,10205.66,None,80.47,Active
SCH-2026-1450,Seth,Shaffer,2015-04-15,Others,Grade 6,B,shaffer.seth@example.com,8027.24,None,89.89,Active
SCH-2026-1451,Angela,Rodriguez,2010-09-04,Female,Grade 10,B,rodriguez.angela@example.com,4159.3,None,83.22,Active
SCH-2026-1452,Allen,Brandt,2014-09-08,Female,Grade 5,B,brandt.allen@example.com,6638.7,None,89.83,Active
SCH-2026-1453,Gabriella,Wong,2018-04-16,Others,Grade 3,C,wong.gabriella@example.com,6682.4,None,92.23,Active
SCH-2026-1454,Angela,Woodward,2007-12-30,Male,Grade 12,A,woodward.angela@example.com,9020.99,Partial (25%),77.0,Active
SCH-2026-1455,Nicole,Rivas,2009-05-21,Female,Grade 10,E,rivas.nicole@example.com,11036.67,None,92.1,Active
SCH-2026-1456,Daniel,Oliver,2011-11-21,Male,Grade 8,D,oliver.daniel@example.com,11845.15,None,76.02,Active
SCH-2026-1457,Betty,Brown,2013-07-01,Male,Grade 6,C,brown.betty@example.com,3791.02,None,90.8,Active
SCH-2026-1458,Brooke,Archer,2016-07-24,Female,Grade 3,E,archer.brooke@example.com,11375.73,Partial (25%),75.71,Withdrawn
SCH-2026-1459,Monica,Williams,2016-08-07,Female,Grade 3,E,williams.monica@example.com,3286.12,Partial (25%),99.14,Active
SCH-2026-1460,Shannon,Hartman,2020-12-16,Male,Kindergarten,B,hartman.shannon@example.com,3687.85,Full Scholarship,84.31,Active
SCH-2026-1461,Donald,Baker,2018-01-15,Others,Grade 3,B,baker.donald@example.com,4061.93,Partial (25%),91.51,Active
SCH-2026-1462,Vanessa,White,2007-07-17,Female,Grade 12,E,white.vanessa@example.com,8818.79,Partial (50%),76.16,Active
SCH-2026-1463,Tom,French,2018-03-02,Female,Grade 2,C,french.tom@example.com,5068.23,Partial (25%),90.36,Withdrawn
SCH-2026-1464,Breanna,Kline,2015-08-12,Female,Grade 4,E,kline.breanna@example.com,7512.85,None,89.81,Active
SCH-2026-1465,Susan,Watts,2015-10-27,Female,Grade 5,D,watts.susan@example.com,7307.87,None,78.47,Active
SCH-2026-1466,Zachary,Pearson,2016-08-20,Others,Grade 3,C,pearson.zachary@example.com,10103.43,None,80.04,Active
SCH-2026-1467,Brandon,Camacho,2016-03-07,Others,Grade 4,C,camacho.brandon@example.com,9711.6,Partial (25%),86.0,Active
SCH-2026-1468,Timothy,Rivera,2019-09-10,Others,Grade 1,B,rivera.timothy@example.com,3771.89,None,78.48,Active
SCH-2026-1469,Elizabeth,Smith,2014-10-02,Male,Grade 5,B,smith.elizabeth@example.com,7998.13,Partial (50%),97.37,Active
SCH-2026-1470,Daniel,Daniel,2020-02-04,Others,Kindergarten,C,daniel.daniel@example.com,7455.11,None,84.49,Withdrawn
SCH-2026-1471,Jay,Nelson,2019-03-27,Others,Grade 2,C,nelson.jay@example.com,10604.16,Partial (25%),79.0,Active
SCH-2026-1472,Ryan,Carlson,2011-09-01,Others,Grade 8,C,carlson.ryan@example.com,5319.19,None,87.08,Active
SCH-2026-1473,Jaime,Reed,2012-11-17,Others,Grade 7,B,reed.jaime@example.com,5503.9,Partial (25%),95.62,Active
SCH-2026-1474,Justin,Reese,2011-05-15,Male,Grade 8,B,reese.justin@example.com,6865.94,None,84.98,Active
SCH-2026-1475,Eric,Green,2019-07-19,Female,Kindergarten,B,green.eric@example.com,6578.17,None,80.95,Active
SCH-2026-1476,Mario,Moore,2012-05-27,Female,Grade 7,A,moore.mario@example.com,8771.81,None,90.78,Active
SCH-2026-1477,Daniel,Smith,2017-03-20,Others,Grade 4,E,smith.daniel@example.com,4285.25,Partial (25%),93.29,Active
SCH-2026-1478,Laura,Hernandez,2008-11-12,Others,Grade 11,D,hernandez.laura@example.com,6797.7,None,90.7,Active
SCH-2026-1479,Eric,Clark,2017-07-17,Male,Grade 3,A,clark.eric@example.com,5911.83,None,89.12,Active
SCH-2026-1480,Deborah,Frost,2018-06-14,Female,Grade 2,E,frost.deborah@example.com,3329.53,Full Scholarship,75.16,Active
SCH-2026-1481,Kayla,Archer,2009-07-02,Male,Grade 11,E,archer.kayla@example.com,8694.88,Full Scholarship,87.03,Active
SCH-2026-1482,Donna,Anderson,2014-04-27,Others,Grade 7,D,anderson.donna@example.com,3027.28,None,89.57,Active
SCH-2026-1483,Gerald,Graham,2014-06-06,Male,Grade 5,B,graham.gerald@example.com,3773.25,None,97.82,Active
SCH-2026-1484,Rose,Franklin,2015-01-19,Male,Grade 6,C,franklin.rose@example.com,10971.95,None,92.18,Active
SCH-2026-1485,Amy,Jimenez,2013-04-19,Others,Grade 7,A,jimenez.amy@example.com,3047.12,None,83.2,Active
SCH-2026-1486,Madeline,Robinson,2019-05-20,Male,Grade 1,E,robinson.madeline@example.com,5991.39,None,96.12,Active
SCH-2026-1487,Kristina,Davis,2022-08-18,Male,Preschool,D,davis.kristina@example.com,7380.65,Partial (50%),91.54,Active
SCH-2026-1488,Kevin,Lopez,2009-12-09,Others,Grade 10,B,lopez.kevin@example.com,8305.39,None,91.68,Active
SCH-2026-1489,Kathryn,Payne,2008-09-03,Female,Grade 11,D,payne.kathryn@example.com,9113.91,None,90.81,Active
SCH-2026-1490,Heather,Huff,2010-05-26,Female,Grade 9,A,huff.heather@example.com,9170.24,None,96.96,Active
SCH-2026-1491,Samantha,Manning,2022-12-05,Male,Preschool,D,manning.samantha@example.com,7689.77,Full Scholarship,91.2,Active
SCH-2026-1492,Rachel,Carpenter,2019-07-15,Female,Grade 1,C,carpenter.rachel@example.com,6570.25,None,85.86,Active
SCH-2026-1493,Elizabeth,Gonzales,2020-01-27,Male,Grade 1,A,gonzales.elizabeth@example.com,6359.97,Partial (50%),87.54,Active
SCH-2026-1494,Justin,Simon,2021-02-03,Female,Kindergarten,D,simon.justin@example.com,11888.23,None,84.08,Active
SCH-2026-1495,Leah,Price,2016-08-19,Others,Grade 4,A,price.leah@example.com,8706.95,Partial (25%),95.08,Active
SCH-2026-1496,Joseph,Johnson,2008-03-19,Female,Grade 12,D,johnson.joseph@example.com,10200.13,Partial (25%),95.65,Active
SCH-2026-1497,Matthew,Williams,2016-02-18,Others,Grade 4,C,williams.matthew@example.com,3400.9,None,80.93,Active
SCH-2026-1498,Todd,Drake,2021-11-02,Others,Preschool,A,drake.todd@example.com,4621.93,None,96.93,Active
SCH-2026-1499,Teresa,Miller,2009-04-09,Male,Grade 12,B,miller.teresa@example.com,9209.84,Partial (25%),95.58,Active
SCH-2026-1500,Ethan,Shepard,2010-07-16,Male,Grade 10,B,shepard.ethan@example.com,7482.47,None,93.34,Active
SCH-2026-1501,Jessica,Clark,2018-10-22,Female,Grade 2,A,clark.jessica@example.com,5136.18,None,80.39,Active
SCH-2026-1502,Todd,Barnes,2018-10-12,Female,Grade 1,D,barnes.todd@example.com,3233.71,None,99.31,Active
SCH-2026-1503,Tyler,Wheeler,2016-12-30,Others,Grade 4,E,wheeler.tyler@example.com,9111.54,Partial (25%),80.41,Active
SCH-2026-1504,Meagan,Harmon,2008-10-18,Others,Grade 11,A,harmon.meagan@example.com,8443.46,None,98.18,Active
SCH-2026-1505,Monica,Benson,2018-08-22,Female,Grade 2,A,benson.monica@example.com,8985.91,None,83.31,Active
SCH-2026-1506,Angela,Ross,2017-10-09,Male,Grade 2,D,ross.angela@example.com,10105.25,None,79.19,Withdrawn
SCH-2026-1507,Walter,Jones,2009-04-13,Male,Grade 11,E,jones.walter@example.com,8929.98,Partial (50%),94.09,Active
SCH-2026-1508,Austin,Lutz,2007-11-27,Male,Grade 12,D,lutz.austin@example.com,11467.27,None,93.2,Active
SCH-2026-1509,Elizabeth,Wallace,2018-08-24,Others,Grade 1,A,wallace.elizabeth@example.com,6521.37,None,88.1,Active
SCH-2026-1510,Mary,Cross,2009-11-10,Others,Grade 11,E,cross.mary@example.com,3778.44,None,93.17,Active
SCH-2026-1511,Veronica,Chapman,2018-03-15,Male,Grade 2,D,chapman.veronica@example.com,5886.16,None,86.45,Active
SCH-2026-1512,Leslie,Hardin,2019-07-19,Male,Grade 1,A,hardin.leslie@example.com,5342.06,Partial (25%),90.5,Active
SCH-2026-1513,Joseph,Johnson,2014-04-25,Male,Grade 6,D,johnson.joseph@example.com,6802.28,None,85.57,Active
SCH-2026-1514,Christopher,Floyd,2018-05-30,Female,Grade 1,D,floyd.christopher@example.com,5798.5,None,99.92,Active
SCH-2026-1515,Julie,Olsen,2008-01-19,Female,Grade 12,A,olsen.julie@example.com,4502.31,None,80.75,Active
SCH-2026-1516,Brittany,Houston,2009-07-26,Female,Grade 10,A,houston.brittany@example.com,4674.61,None,91.92,Withdrawn
SCH-2026-1517,Kimberly,Moore,2017-11-04,Female,Grade 2,E,moore.kimberly@example.com,10130.55,None,77.72,Active
SCH-2026-1518,Samantha,Mendez,2010-05-01,Male,Grade 9,E,mendez.samantha@example.com,10219.04,Partial (50%),93.0,Active
SCH-2026-1519,John,Hernandez,2015-11-28,Others,Grade 4,C,hernandez.john@example.com,9501.67,None,92.77,Active
SCH-2026-1520,Misty,Ortega,2018-03-24,Female,Grade 3,D,ortega.misty@example.com,6510.99,Partial (50%),78.74,On Leave
SCH-2026-1521,William,Lopez,2018-09-09,Male,Grade 1,D,lopez.william@example.com,5118.34,None,98.89,Active
SCH-2026-1522,Dustin,Knox,2015-02-22,Others,Grade 6,E,knox.dustin@example.com,3321.05,None,99.07,Active
SCH-2026-1523,Tammy,Bennett,2015-09-23,Male,Grade 5,B,bennett.tammy@example.com,9395.48,None,81.31,Active
SCH-2026-1524,David,Matthews,2015-02-10,Male,Grade 6,E,matthews.david@example.com,6591.32,None,95.57,Active
SCH-2026-1525,Matthew,Smith,2013-01-10,Male,Grade 7,E,smith.matthew@example.com,11543.59,None,86.9,Withdrawn
SCH-2026-1526,William,Carroll,2016-04-30,Others,Grade 4,D,carroll.william@example.com,4082.51,None,97.15,Active
SCH-2026-1527,Patrick,King,2009-01-21,Female,Grade 12,C,king.patrick@example.com,11572.03,Partial (25%),91.99,Active
SCH-2026-1528,Melissa,Hardy,2015-09-15,Male,Grade 5,E,hardy.melissa@example.com,6660.47,Partial (50%),95.37,Active
SCH-2026-1529,Mark,Whitney,2016-06-27,Others,Grade 3,B,whitney.mark@example.com,5526.91,Partial (50%),77.55,Active
SCH-2026-1530,Kevin,Brown,2016-07-31,Female,Grade 3,C,brown.kevin@example.com,7563.44,Partial (25%),82.82,Withdrawn
SCH-2026-1531,Richard,Hinton,2015-12-10,Female,Grade 4,C,hinton.richard@example.com,8729.17,Partial (50%),97.62,Active
SCH-2026-1532,Sheri,Brown,2019-04-10,Female,Grade 1,A,brown.sheri@example.com,10919.26,Partial (25%),75.1,Active
SCH-2026-1533,Ashley,Noble,2020-08-20,Others,Kindergarten,B,noble.ashley@example.com,6129.86,None,93.65,Active
SCH-2026-1534,Alicia,Wheeler,2009-03-29,Male,Grade 11,E,wheeler.alicia@example.com,7613.46,None,88.39,Active
SCH-2026-1535,Chad,Lucas,2014-12-23,Female,Grade 5,B,lucas.chad@example.com,6183.48,None,87.6,Active
SCH-2026-1536,Kayla,Andrews,2015-05-13,Male,Grade 5,C,andrews.kayla@example.com,6636.74,None,89.75,Active
SCH-2026-1537,Megan,Sanders,2018-08-16,Others,Grade 2,B,sanders.megan@example.com,10703.2,None,91.26,Active
SCH-2026-1538,Rhonda,Griffin,2016-04-11,Male,Grade 4,E,griffin.rhonda@example.com,3479.1,None,85.5,Active
SCH-2026-1539,David,Martinez,2015-02-10,Female,Grade 5,D,martinez.david@example.com,8176.84,None,89.4,Active
SCH-2026-1540,Erica,Wong,2009-02-08,Female,Grade 12,B,wong.erica@example.com,3156.29,None,96.59,Active
SCH-2026-1541,Dale,Sanchez,2021-06-23,Others,Preschool,D,sanchez.dale@example.com,5072.3,Partial (50%),96.95,Active
SCH-2026-1542,Charles,Fitzpatrick,2018-07-12,Female,Grade 2,E,fitzpatrick.charles@example.com,3160.07,None,90.63,Active
SCH-2026-1543,Krystal,Fowler,2010-03-22,Male,Grade 10,D,fowler.krystal@example.com,8710.59,None,91.6,Active
SCH-2026-1544,Ronald,Atkins,2013-02-02,Male,Grade 8,A,atkins.ronald@example.com,5453.59,None,79.61,Active
SCH-2026-1545,Madison,Norman,2023-01-01,Others,Preschool,D,norman.madison@example.com,9788.08,Partial (25%),89.52,Active
SCH-2026-1546,Jessica,Hanson,2016-08-09,Others,Grade 3,B,hanson.jessica@example.com,8875.46,None,97.39,Withdrawn
SCH-2026-1547,Julia,Williams,2011-07-10,Female,Grade 8,B,williams.julia@example.com,7343.58,None,81.34,Active
SCH-2026-1548,Laura,Jarvis,2022-02-16,Others,Preschool,E,jarvis.laura@example.com,8538.19,Partial (50%),99.61,Active
SCH-2026-1549,Whitney,Johnson,2018-06-22,Male,Grade 2,D,johnson.whitney@example.com,11471.66,None,82.96,Active
SCH-2026-1550,Christy,Brown,2022-04-09,Male,Preschool,A,brown.christy@example.com,5690.61,None,76.86,Active
SCH-2026-1551,Kimberly,Allen,2012-06-16,Male,Grade 8,B,allen.kimberly@example.com,6664.35,None,81.45,Active
SCH-2026-1552,Patricia,Murphy,2021-09-27,Female,Preschool,B,murphy.patricia@example.com,3748.46,None,75.9,Active
SCH-2026-1553,Thomas,Lee,2019-03-14,Male,Grade 2,C,lee.thomas@example.com,4431.11,None,85.2,Active
SCH-2026-1554,Aaron,Patterson,2009-06-11,Others,Grade 11,A,patterson.aaron@example.com,10646.03,Partial (25%),96.52,Active
SCH-2026-1555,Zachary,Ortiz,2015-12-06,Female,Grade 5,A,ortiz.zachary@example.com,4265.02,None,84.52,Active
SCH-2026-1556,Kristina,King,2010-07-11,Others,Grade 10,A,king.kristina@example.com,7232.89,None,81.34,Active
SCH-2026-1557,Lori,Martin,2010-10-11,Male,Grade 10,E,martin.lori@example.com,10581.8,None,87.07,Active
SCH-2026-1558,Daniel,Mack,2017-11-05,Female,Grade 2,E,mack.daniel@example.com,7653.55,Partial (50%),95.14,Active
SCH-2026-1559,Gregory,Young,2017-03-09,Female,Grade 3,D,young.gregory@example.com,6992.0,Partial (25%),79.73,Active
SCH-2026-1560,Jennifer,Murphy,2017-08-04,Others,Grade 2,E,murphy.jennifer@example.com,3090.41,None,98.81,Active
SCH-2026-1561,James,Webb,2019-03-11,Female,Grade 1,B,webb.james@example.com,3052.24,None,84.99,On Leave
SCH-2026-1562,Christine,Fry,2019-04-19,Others,Grade 2,C,fry.christine@example.com,8293.44,Full Scholarship,94.68,Active
SCH-2026-1563,Janice,Hammond,2015-11-16,Others,Grade 5,C,hammond.janice@example.com,9339.38,None,94.8,Active
SCH-2026-1564,Donna,Maynard,2018-07-01,Male,Grade 2,C,maynard.donna@example.com,9541.58,None,86.8,Active
SCH-2026-1565,Sean,Ruiz,2017-07-29,Female,Grade 3,E,ruiz.sean@example.com,8678.66,Full Scholarship,76.5,Active
SCH-2026-1566,Alexander,Santiago,2012-01-16,Others,Grade 8,A,santiago.alexander@example.com,7186.4,Full Scholarship,86.45,Active
SCH-2026-1567,Nathan,Pruitt,2017-12-30,Female,Grade 2,E,pruitt.nathan@example.com,7573.48,Partial (50%),97.71,Active
SCH-2026-1568,Brandon,Robinson,2016-03-01,Female,Grade 4,A,robinson.brandon@example.com,8360.41,Partial (25%),88.21,Active
SCH-2026-1569,Teresa,Johnson,2007-06-05,Female,Grade 12,C,johnson.teresa@example.com,10800.03,None,88.32,Active
SCH-2026-1570,George,Mack,2016-09-17,Others,Grade 3,B,mack.george@example.com,6497.47,Partial (25%),75.1,Active
SCH-2026-1571,Christopher,Jones,2012-05-23,Others,Grade 7,D,jones.christopher@example.com,5862.54,None,86.26,Active
SCH-2026-1572,Andrea,Reyes,2019-02-24,Female,Grade 1,B,reyes.andrea@example.com,11831.17,None,86.62,Active
SCH-2026-1573,Sylvia,Lam,2019-01-13,Male,Grade 1,D,lam.sylvia@example.com,6392.86,None,79.64,Active
SCH-2026-1574,Melissa,Moody,2013-07-10,Female,Grade 7,D,moody.melissa@example.com,10801.2,None,78.35,Active
SCH-2026-1575,Chelsea,Marshall,2021-02-07,Female,Kindergarten,C,marshall.chelsea@example.com,11302.47,None,83.41,Active
SCH-2026-1576,Stephanie,Myers,2011-12-27,Male,Grade 8,E,myers.stephanie@example.com,10597.07,None,80.93,Active
SCH-2026-1577,Frank,Padilla,2020-01-14,Others,Grade 1,E,padilla.frank@example.com,3662.93,None,94.89,Active
SCH-2026-1578,Jared,Levine,2017-12-30,Female,Grade 2,C,levine.jared@example.com,9431.3,None,88.47,Active
SCH-2026-1579,Angela,Brown,2015-07-23,Female,Grade 4,C,brown.angela@example.com,11063.78,None,75.17,Active
SCH-2026-1580,Katie,Howell,2019-04-11,Male,Grade 1,A,howell.katie@example.com,8015.28,None,75.87,Active
SCH-2026-1581,Vanessa,Williams,2012-02-05,Female,Grade 9,D,williams.vanessa@example.com,5759.93,None,83.7,On Leave
SCH-2026-1582,Bridget,Hooper,2021-05-13,Others,Preschool,C,hooper.bridget@example.com,11459.74,Partial (25%),80.95,Active
SCH-2026-1583,Shannon,Trevino,2009-09-08,Male,Grade 11,C,trevino.shannon@example.com,4383.26,None,76.35,Active
SCH-2026-1584,Jamie,Rodriguez,2018-06-18,Others,Grade 1,A,rodriguez.jamie@example.com,8143.39,None,77.97,Active
SCH-2026-1585,Heather,Reeves,2015-03-07,Male,Grade 6,C,reeves.heather@example.com,8198.32,None,85.57,Active
SCH-2026-1586,Matthew,Brooks,2020-01-27,Female,Grade 1,B,brooks.matthew@example.com,3366.46,None,84.2,Active
SCH-2026-1587,Travis,Mcdaniel,2021-11-06,Male,Preschool,E,mcdaniel.travis@example.com,4569.75,None,89.62,Active
SCH-2026-1588,Thomas,Garcia,2014-04-23,Female,Grade 7,C,garcia.thomas@example.com,11547.4,Partial (25%),86.34,Active
SCH-2026-1589,Michael,Davidson,2012-03-11,Female,Grade 9,B,davidson.michael@example.com,11023.01,Partial (25%),96.3,Active
SCH-2026-1590,Andrew,Harris,2015-09-09,Female,Grade 5,E,harris.andrew@example.com,9590.67,Partial (50%),85.15,Active
SCH-2026-1591,Misty,Humphrey,2015-05-01,Female,Grade 5,D,humphrey.misty@example.com,8615.11,None,77.41,Active
SCH-2026-1592,Adam,Young,2018-05-08,Female,Grade 2,E,young.adam@example.com,5158.84,Full Scholarship,90.62,Active
SCH-2026-1593,Shawn,Thompson,2018-06-24,Others,Grade 2,A,thompson.shawn@example.com,10562.56,None,95.92,Active
SCH-2026-1594,Kathleen,Anderson,2018-12-04,Others,Grade 2,D,anderson.kathleen@example.com,11991.34,Partial (25%),94.87,Active
SCH-2026-1595,Michael,Rodriguez,2015-11-17,Others,Grade 5,D,rodriguez.michael@example.com,6242.49,None,86.21,Active
SCH-2026-1596,Douglas,Holmes,2011-04-30,Others,Grade 8,E,holmes.douglas@example.com,3552.4,None,80.64,Active
SCH-2026-1597,Joseph,Fuentes,2011-11-12,Others,Grade 8,B,fuentes.joseph@example.com,11248.14,None,87.39,Active
SCH-2026-1598,Sarah,Le,2007-10-19,Female,Grade 12,C,le.sarah@example.com,3535.71,Partial (50%),84.22,Active
SCH-2026-1599,Tom,Griffin,2020-04-19,Male,Kindergarten,A,griffin.tom@example.com,6367.3,Partial (25%),82.13,Active
SCH-2026-1600,Steven,Hill,2019-06-18,Male,Kindergarten,B,hill.steven@example.com,6402.72,None,86.48,Active
SCH-2026-1601,Julie,Bonilla,2010-09-27,Others,Grade 10,D,bonilla.julie@example.com,6092.27,None,78.76,Active
SCH-2026-1602,Brandon,Marquez,2014-07-29,Female,Grade 6,C,marquez.brandon@example.com,3546.21,Partial (50%),79.48,Active
SCH-2026-1603,Nicole,Johnson,2019-03-23,Male,Grade 1,E,johnson.nicole@example.com,5530.81,Partial (50%),81.17,Active
SCH-2026-1604,Danielle,Nunez,2014-10-26,Female,Grade 5,B,nunez.danielle@example.com,11825.5,Partial (50%),90.68,Active
SCH-2026-1605,Teresa,Rasmussen,2015-11-26,Female,Grade 4,E,rasmussen.teresa@example.com,4582.07,None,86.18,Active
SCH-2026-1606,Erika,Smith,2015-04-02,Others,Grade 5,C,smith.erika@example.com,8144.75,Partial (25%),94.25,Active
SCH-2026-1607,Carla,Smith,2008-06-07,Female,Grade 12,A,smith.carla@example.com,6489.82,None,99.03,Active
SCH-2026-1608,Alexandra,Kirby,2011-10-05,Female,Grade 8,B,kirby.alexandra@example.com,4912.16,None,89.86,Active
SCH-2026-1609,Dennis,Terry,2008-05-12,Others,Grade 11,B,terry.dennis@example.com,6881.95,Partial (25%),89.9,Active
SCH-2026-1610,Jason,Parker,2017-10-17,Others,Grade 2,B,parker.jason@example.com,8087.2,Full Scholarship,90.47,Active
SCH-2026-1611,Brandi,Henderson,2007-08-02,Others,Grade 12,A,henderson.brandi@example.com,10468.57,None,87.1,Active
SCH-2026-1612,Laura,Perry,2012-01-15,Male,Grade 9,E,perry.laura@example.com,7532.21,None,76.01,Active
SCH-2026-1613,Holly,Prince,2013-02-12,Male,Grade 7,C,prince.holly@example.com,4712.7,None,90.52,Active
SCH-2026-1614,John,Moore,2015-08-03,Female,Grade 4,A,moore.john@example.com,6732.79,Partial (25%),78.05,Withdrawn
SCH-2026-1615,David,Armstrong,2009-06-17,Female,Grade 10,A,armstrong.david@example.com,3340.69,Partial (50%),93.24,Active
SCH-2026-1616,Donna,Martin,2020-10-01,Male,Kindergarten,D,martin.donna@example.com,9666.31,Partial (25%),82.5,Active
SCH-2026-1617,Heather,Casey,2009-12-29,Female,Grade 11,B,casey.heather@example.com,7454.83,Partial (50%),75.05,Active
SCH-2026-1618,Alexandra,Hogan,2017-07-28,Male,Grade 3,E,hogan.alexandra@example.com,4103.13,None,88.3,Active
SCH-2026-1619,Jacob,Griffin,2011-06-14,Others,Grade 9,A,griffin.jacob@example.com,8531.36,Partial (50%),90.16,Active
SCH-2026-1620,Michael,Martin,2007-08-20,Others,Grade 12,B,martin.michael@example.com,10467.17,Partial (25%),95.02,Active
SCH-2026-1621,Chelsea,Stanley,2019-05-11,Male,Kindergarten,B,stanley.chelsea@example.com,10448.5,None,77.94,Active
SCH-2026-1622,Lisa,Keller,2019-03-03,Male,Grade 2,B,keller.lisa@example.com,6948.25,Partial (25%),94.62,Active
SCH-2026-1623,Nathan,Long,2010-03-22,Others,Grade 11,B,long.nathan@example.com,8225.62,Partial (50%),86.56,On Leave
SCH-2026-1624,Connor,Warren,2009-06-26,Others,Grade 10,C,warren.connor@example.com,7446.93,Full Scholarship,80.93,Active
SCH-2026-1625,Michael,Deleon,2016-11-29,Female,Grade 3,D,deleon.michael@example.com,10136.46,None,79.25,Active
SCH-2026-1626,Phillip,Gray,2010-02-07,Male,Grade 11,A,gray.phillip@example.com,9297.89,Partial (50%),97.32,Active
SCH-2026-1627,Chad,Phillips,2007-08-09,Male,Grade 12,C,phillips.chad@example.com,6383.49,None,92.55,Active
SCH-2026-1628,Brenda,Wiggins,2014-08-23,Others,Grade 5,C,wiggins.brenda@example.com,7353.11,None,77.2,Active
SCH-2026-1629,Jose,Grant,2017-12-18,Others,Grade 2,E,grant.jose@example.com,4456.44,None,75.09,Active
SCH-2026-1630,Sean,Hahn,2017-02-26,Female,Grade 4,A,hahn.sean@example.com,4908.67,Partial (25%),79.44,Active
SCH-2026-1631,Andrew,Greer,2021-09-23,Female,Preschool,C,greer.andrew@example.com,5310.24,Full Scholarship,77.12,Active
SCH-2026-1632,John,Beck,2010-06-14,Male,Grade 10,E,beck.john@example.com,6869.72,None,93.72,Active
SCH-2026-1633,Cindy,Young,2012-03-25,Others,Grade 8,E,young.cindy@example.com,6021.36,None,81.9,On Leave
SCH-2026-1634,Daniel,Mitchell,2009-07-11,Others,Grade 10,E,mitchell.daniel@example.com,4346.85,None,81.94,Active
SCH-2026-1635,Christopher,Archer,2013-09-29,Female,Grade 7,E,archer.christopher@example.com,7038.82,Partial (50%),90.62,Active
SCH-2026-1636,Andrea,Mitchell,2017-12-06,Male,Grade 2,D,mitchell.andrea@example.com,6890.78,Partial (50%),80.8,Active
SCH-2026-1637,Andrew,Nelson,2017-10-20,Others,Grade 3,C,nelson.andrew@example.com,10683.3,Partial (50%),91.0,Active
SCH-2026-1638,Jacob,Garcia,2019-11-12,Male,Kindergarten,E,garcia.jacob@example.com,7389.98,None,94.18,Active
SCH-2026-1639,Stephanie,Webb,2011-05-30,Others,Grade 8,B,webb.stephanie@example.com,3877.91,None,94.95,Active
SCH-2026-1640,Pamela,Jones,2014-03-27,Male,Grade 6,A,jones.pamela@example.com,9388.34,None,92.31,On Leave
SCH-2026-1641,Brandon,Lopez,2013-04-23,Male,Grade 8,C,lopez.brandon@example.com,9982.77,None,82.67,Active
SCH-2026-1642,Kristopher,Duke,2020-08-19,Others,Kindergarten,B,duke.kristopher@example.com,10027.06,None,83.86,On Leave
SCH-2026-1643,Steven,Escobar,2021-03-03,Male,Kindergarten,E,escobar.steven@example.com,4311.22,Partial (25%),76.9,Active
SCH-2026-1644,Connie,Williams,2009-09-05,Male,Grade 11,D,williams.connie@example.com,11005.2,None,75.15,Active
SCH-2026-1645,Willie,Preston,2011-03-29,Male,Grade 9,D,preston.willie@example.com,5493.39,None,77.42,Active
SCH-2026-1646,Ronald,May,2015-05-13,Others,Grade 4,E,may.ronald@example.com,6666.88,Partial (25%),97.31,Active
SCH-2026-1647,Anthony,House,2020-05-07,Others,Preschool,B,house.anthony@example.com,4157.8,Partial (25%),78.99,Active
SCH-2026-1648,John,Hart,2015-12-12,Female,Grade 5,E,hart.john@example.com,8959.62,None,93.08,Active
SCH-2026-1649,Karen,Erickson,2014-01-12,Male,Grade 7,A,erickson.karen@example.com,10669.09,None,92.78,Active
SCH-2026-1650,Michael,Barrett,2020-04-02,Female,Grade 1,D,barrett.michael@example.com,4785.87,Full Scholarship,88.05,Active
SCH-2026-1651,Carmen,Robles,2016-04-13,Male,Grade 4,B,robles.carmen@example.com,6695.39,None,92.65,Active
SCH-2026-1652,Tiffany,Nelson,2017-03-28,Female,Grade 4,B,nelson.tiffany@example.com,7018.46,Full Scholarship,80.6,Active
SCH-2026-1653,Ronald,Wiley,2011-01-24,Male,Grade 10,A,wiley.ronald@example.com,9821.04,None,92.8,Active
SCH-2026-1654,Cynthia,Powell,2012-02-26,Female,Grade 8,D,powell.cynthia@example.com,3270.42,None,89.66,Active
SCH-2026-1655,Katrina,Humphrey,2018-01-22,Male,Grade 2,D,humphrey.katrina@example.com,9281.27,None,95.94,Active
SCH-2026-1656,Derek,Fisher,2009-04-26,Others,Grade 11,D,fisher.derek@example.com,5063.63,None,91.76,Active
SCH-2026-1657,Kenneth,Mclaughlin,2014-06-19,Male,Grade 5,B,mclaughlin.kenneth@example.com,3485.75,None,87.14,Active
SCH-2026-1658,Michelle,Bryant,2014-03-11,Others,Grade 7,D,bryant.michelle@example.com,4455.23,None,99.84,Active
SCH-2026-1659,Paul,Rogers,2016-10-06,Others,Grade 4,D,rogers.paul@example.com,10948.76,None,83.89,Active
SCH-2026-1660,Ann,Cobb,2013-07-19,Male,Grade 6,D,cobb.ann@example.com,9898.21,None,82.37,Active
SCH-2026-1661,Tara,Richardson,2011-05-30,Male,Grade 9,D,richardson.tara@example.com,9539.48,None,84.13,Active
SCH-2026-1662,Daniel,Cox,2014-06-09,Others,Grade 5,E,cox.daniel@example.com,4599.07,None,93.75,Active
SCH-2026-1663,Steve,Frey,2007-08-02,Male,Grade 12,A,frey.steve@example.com,8124.79,None,90.71,Active
SCH-2026-1664,Michael,Griffin,2021-01-19,Female,Preschool,D,griffin.michael@example.com,8456.2,Full Scholarship,78.63,Active
SCH-2026-1665,Karen,Burke,2019-07-23,Others,Kindergarten,C,burke.karen@example.com,7721.37,None,97.78,Active
SCH-2026-1666,Nicholas,Davis,2014-01-13,Female,Grade 6,C,davis.nicholas@example.com,9102.75,None,94.79,Active
SCH-2026-1667,Jennifer,Chambers,2017-08-06,Others,Grade 3,B,chambers.jennifer@example.com,10644.31,None,79.03,Active
SCH-2026-1668,Christine,Gilmore,2021-09-04,Male,Preschool,C,gilmore.christine@example.com,8699.24,None,84.7,Withdrawn
SCH-2026-1669,Erica,Nguyen,2019-02-10,Others,Grade 2,D,nguyen.erica@example.com,3785.55,None,75.35,Withdrawn
SCH-2026-1670,Yvonne,Sanders,2022-03-19,Others,Preschool,C,sanders.yvonne@example.com,3573.27,None,78.43,Active
SCH-2026-1671,Jordan,Mendez,2021-09-14,Female,Preschool,A,mendez.jordan@example.com,6985.62,Partial (25%),86.4,Active
SCH-2026-1672,Jack,Fisher,2013-05-09,Others,Grade 7,B,fisher.jack@example.com,11119.33,None,94.98,Active
SCH-2026-1673,Robert,Jones,2011-08-03,Male,Grade 9,A,jones.robert@example.com,9312.42,Partial (25%),98.06,Active
SCH-2026-1674,Jeffrey,Miller,2009-02-22,Male,Grade 11,A,miller.jeffrey@example.com,3382.22,Partial (25%),90.28,Active
SCH-2026-1675,Thomas,Morris,2012-03-12,Male,Grade 9,B,morris.thomas@example.com,8204.74,None,91.56,Active
SCH-2026-1676,Christina,Williams,2017-02-06,Female,Grade 4,A,williams.christina@example.com,5535.42,None,94.61,Active
SCH-2026-1677,Jesse,Huerta,2015-11-13,Others,Grade 4,D,huerta.jesse@example.com,5807.72,None,81.22,Active
SCH-2026-1678,Kathy,Ward,2009-02-18,Male,Grade 12,A,ward.kathy@example.com,9411.72,Full Scholarship,75.2,Active
SCH-2026-1679,Jennifer,Hudson,2021-05-19,Female,Preschool,E,hudson.jennifer@example.com,3078.34,None,77.75,Active
SCH-2026-1680,Brandi,Gordon,2009-03-11,Male,Grade 11,D,gordon.brandi@example.com,4280.01,Partial (50%),90.81,Active
SCH-2026-1681,Marissa,Kelley,2022-01-30,Female,Preschool,C,kelley.marissa@example.com,5748.5,None,82.57,Active
SCH-2026-1682,Kevin,Lopez,2008-05-14,Others,Grade 12,B,lopez.kevin@example.com,4396.56,None,80.27,Active
SCH-2026-1683,Leslie,Lee,2009-09-19,Male,Grade 11,E,lee.leslie@example.com,4879.34,None,90.92,On Leave
SCH-2026-1684,William,Williams,2015-05-09,Male,Grade 4,A,williams.william@example.com,8497.55,None,89.8,Withdrawn
SCH-2026-1685,Anthony,Clark,2017-01-08,Female,Grade 4,E,clark.anthony@example.com,3061.2,None,98.29,Active
SCH-2026-1686,Traci,Roberts,2013-12-19,Others,Grade 7,E,roberts.traci@example.com,11945.36,None,75.08,Active
SCH-2026-1687,Jason,Castro,2016-04-17,Male,Grade 5,D,castro.jason@example.com,6608.22,None,83.44,Active
SCH-2026-1688,William,Johnson,2021-12-11,Male,Preschool,C,johnson.william@example.com,7574.11,Full Scholarship,94.06,Active
SCH-2026-1689,Robert,Cruz,2010-05-30,Male,Grade 10,E,cruz.robert@example.com,3011.81,Partial (25%),85.73,Active
SCH-2026-1690,Robert,Macdonald,2018-04-13,Male,Grade 3,D,macdonald.robert@example.com,7712.08,Partial (25%),88.75,Active
SCH-2026-1691,Daniel,Warner,2013-11-09,Others,Grade 6,C,warner.daniel@example.com,11062.69,None,84.36,Active
SCH-2026-1692,Casey,Lambert,2020-07-14,Male,Kindergarten,D,lambert.casey@example.com,4172.55,None,84.75,Active
SCH-2026-1693,Amanda,Shepard,2008-10-25,Others,Grade 11,B,shepard.amanda@example.com,11123.8,None,98.91,Withdrawn
SCH-2026-1694,Troy,Sanchez,2012-12-21,Female,Grade 7,B,sanchez.troy@example.com,3242.83,None,79.33,Active
SCH-2026-1695,Brandy,Cobb,2016-09-21,Male,Grade 3,B,cobb.brandy@example.com,10100.44,Partial (25%),99.71,Active
SCH-2026-1696,John,Ford,2021-11-12,Others,Preschool,C,ford.john@example.com,9447.53,Partial (50%),99.4,Active
SCH-2026-1697,Maureen,Walton,2014-07-22,Others,Grade 5,E,walton.maureen@example.com,9464.38,None,88.68,Active
SCH-2026-1698,Angelica,Maynard,2017-12-18,Female,Grade 3,C,maynard.angelica@example.com,7750.18,None,93.92,Active
SCH-2026-1699,James,Marshall,2014-10-14,Female,Grade 6,B,marshall.james@example.com,5352.28,None,80.52,Active
SCH-2026-1700,Michelle,Bowman,2012-02-19,Others,Grade 8,D,bowman.michelle@example.com,11881.51,Full Scholarship,99.54,Active
SCH-2026-1701,Margaret,Rodriguez,2009-03-28,Others,Grade 12,A,rodriguez.margaret@example.com,8931.02,None,93.3,Active
SCH-2026-1702,Mark,Johnson,2009-10-03,Female,Grade 11,C,johnson.mark@example.com,10238.82,None,85.36,Active
SCH-2026-1703,Robert,Griffin,2018-01-12,Male,Grade 2,D,griffin.robert@example.com,3143.0,None,84.53,Active
SCH-2026-1704,Heather,Miller,2014-01-31,Female,Grade 7,E,miller.heather@example.com,11527.2,None,97.72,Active
SCH-2026-1705,Patricia,Gomez,2007-11-06,Female,Grade 12,B,gomez.patricia@example.com,7631.7,None,99.58,Active
SCH-2026-1706,Johnny,Palmer,2011-01-31,Female,Grade 10,A,palmer.johnny@example.com,6427.06,None,83.82,Active
SCH-2026-1707,Daniel,Bowen,2021-01-23,Male,Kindergarten,E,bowen.daniel@example.com,11122.12,None,86.89,On Leave
SCH-2026-1708,Krystal,Watson,2008-06-15,Male,Grade 11,B,watson.krystal@example.com,10914.2,None,90.44,Active
SCH-2026-1709,Chelsea,Vance,2016-12-13,Male,Grade 4,B,vance.chelsea@example.com,9472.69,None,87.55,Active
SCH-2026-1710,Sarah,Smith,2009-05-21,Others,Grade 10,C,smith.sarah@example.com,10785.56,None,86.47,Active
SCH-2026-1711,Brittany,Martinez,2018-04-20,Female,Grade 2,E,martinez.brittany@example.com,5391.82,None,83.23,Active
SCH-2026-1712,Cody,Decker,2020-10-16,Female,Kindergarten,E,decker.cody@example.com,6744.2,None,82.69,Active
SCH-2026-1713,Drew,Shaw,2018-08-24,Others,Grade 2,B,shaw.drew@example.com,3916.52,Partial (25%),93.35,Active
SCH-2026-1714,Michael,Warren,2009-10-23,Male,Grade 10,E,warren.michael@example.com,11439.24,None,81.26,Active
SCH-2026-1715,Anthony,Hughes,2019-03-28,Female,Grade 2,A,hughes.anthony@example.com,6398.45,None,94.96,Active
SCH-2026-1716,Kyle,Nelson,2016-07-14,Others,Grade 3,E,nelson.kyle@example.com,10128.59,Partial (25%),95.99,Withdrawn
SCH-2026-1717,Justin,Hodges,2017-09-09,Male,Grade 2,E,hodges.justin@example.com,7111.09,None,87.63,Active
SCH-2026-1718,Ryan,Crawford,2013-12-08,Others,Grade 6,D,crawford.ryan@example.com,11686.47,Partial (25%),95.33,Withdrawn
SCH-2026-1719,Lauren,Rodriguez,2013-10-09,Others,Grade 6,A,rodriguez.lauren@example.com,8362.09,Full Scholarship,79.69,Active
SCH-2026-1720,Alison,Campbell,2011-02-02,Female,Grade 9,D,campbell.alison@example.com,4739.87,None,76.47,Active
SCH-2026-1721,Ryan,Vega,2014-09-14,Female,Grade 6,A,vega.ryan@example.com,7970.79,None,94.75,Active
SCH-2026-1722,Timothy,Lewis,2011-03-09,Female,Grade 9,C,lewis.timothy@example.com,3893.92,Partial (25%),85.28,Active
SCH-2026-1723,Jared,House,2010-07-08,Others,Grade 9,D,house.jared@example.com,6928.49,Partial (50%),83.45,On Leave
SCH-2026-1724,Jeremy,Perkins,2020-07-09,Male,Preschool,A,perkins.jeremy@example.com,4615.0,None,85.56,Active
SCH-2026-1725,David,Sharp,2009-01-11,Male,Grade 11,A,sharp.david@example.com,7612.88,None,75.16,Active
SCH-2026-1726,David,Lopez,2012-07-26,Male,Grade 7,C,lopez.david@example.com,5898.54,None,79.65,Active
SCH-2026-1727,Alyssa,Weaver,2011-03-17,Female,Grade 9,A,weaver.alyssa@example.com,5920.59,None,80.79,On Leave
SCH-2026-1728,Michael,Stewart,2008-06-11,Female,Grade 12,D,stewart.michael@example.com,10633.68,None,76.2,Active
SCH-2026-1729,Amber,Baker,2019-05-19,Female,Grade 1,A,baker.amber@example.com,6268.86,Partial (25%),80.36,Active
SCH-2026-1730,Anthony,Wallace,2007-09-14,Others,Grade 12,B,wallace.anthony@example.com,5350.93,None,92.6,Withdrawn
SCH-2026-1731,Joshua,Wall,2018-08-24,Female,Grade 1,C,wall.joshua@example.com,5902.97,Full Scholarship,97.64,Active
SCH-2026-1732,Theresa,Grant,2018-11-05,Female,Grade 2,A,grant.theresa@example.com,5151.64,None,75.55,Withdrawn
SCH-2026-1733,Nicole,Mckay,2021-01-31,Male,Kindergarten,B,mckay.nicole@example.com,7704.03,None,89.43,Withdrawn
SCH-2026-1734,Amanda,Schroeder,2008-09-08,Male,Grade 11,E,schroeder.amanda@example.com,5689.59,None,99.43,Active
SCH-2026-1735,Jennifer,Rodriguez,2021-03-18,Female,Kindergarten,B,rodriguez.jennifer@example.com,10492.95,None,93.82,Active
SCH-2026-1736,Samantha,Gonzalez,2013-04-24,Others,Grade 8,A,gonzalez.samantha@example.com,10839.54,None,93.13,Active
SCH-2026-1737,James,Peterson,2018-10-26,Female,Grade 2,C,peterson.james@example.com,8845.33,None,84.75,Active
SCH-2026-1738,Patrick,Sanders,2009-10-18,Female,Grade 11,D,sanders.patrick@example.com,6998.74,None,77.64,Active
SCH-2026-1739,Donna,Kennedy,2015-11-25,Female,Grade 5,C,kennedy.donna@example.com,5798.95,None,96.11,Active
SCH-2026-1740,James,Webster,2010-11-21,Male,Grade 9,E,webster.james@example.com,7060.37,None,79.46,Active
SCH-2026-1741,Sergio,Donovan,2019-09-29,Male,Kindergarten,A,donovan.sergio@example.com,3554.35,None,77.38,Active
SCH-2026-1742,Brian,Miller,2014-11-10,Others,Grade 5,B,miller.brian@example.com,5294.63,None,95.12,Active
SCH-2026-1743,James,Smith,2008-10-29,Female,Grade 11,C,smith.james@example.com,6312.85,None,79.24,Active
SCH-2026-1744,Crystal,Wilson,2007-06-22,Others,Grade 12,C,wilson.crystal@example.com,11259.88,None,75.25,Active
SCH-2026-1745,Courtney,Lawrence,2009-04-19,Male,Grade 12,D,lawrence.courtney@example.com,5657.35,Partial (50%),91.74,Active
SCH-2026-1746,Rebecca,Moon,2010-08-24,Male,Grade 9,D,moon.rebecca@example.com,5470.9,Partial (25%),95.79,Active
SCH-2026-1747,Patricia,Salinas,2021-12-29,Female,Preschool,B,salinas.patricia@example.com,3976.23,Partial (25%),82.54,Active
SCH-2026-1748,Michael,Obrien,2009-02-12,Female,Grade 11,E,obrien.michael@example.com,10570.16,Partial (50%),87.31,Active
SCH-2026-1749,Kaitlyn,Hamilton,2015-06-24,Male,Grade 4,E,hamilton.kaitlyn@example.com,4551.66,None,83.02,On Leave
SCH-2026-1750,Thomas,Vaughn,2012-12-18,Male,Grade 8,A,vaughn.thomas@example.com,7486.5,None,98.73,Active
SCH-2026-1751,David,Hopkins,2012-12-13,Female,Grade 7,E,hopkins.david@example.com,7656.92,Partial (50%),81.82,Active
SCH-2026-1752,Deanna,Lewis,2017-10-08,Male,Grade 2,C,lewis.deanna@example.com,8438.95,Partial (25%),92.21,Active
SCH-2026-1753,Brandon,Lee,2014-09-30,Female,Grade 5,C,lee.brandon@example.com,8148.92,Partial (25%),75.62,Active
SCH-2026-1754,Dalton,Hodges,2019-05-24,Male,Grade 1,B,hodges.dalton@example.com,3750.45,Partial (25%),97.81,Active
SCH-2026-1755,Ashley,Riggs,2022-11-15,Male,Preschool,C,riggs.ashley@example.com,7696.37,Full Scholarship,98.7,Active
SCH-2026-1756,Mary,Moore,2010-11-22,Male,Grade 9,B,moore.mary@example.com,3630.57,Partial (50%),97.25,On Leave
SCH-2026-1757,Kenneth,Flynn,2010-07-01,Others,Grade 9,B,flynn.kenneth@example.com,11546.41,None,96.99,Active
SCH-2026-1758,Victoria,Henry,2021-11-26,Others,Preschool,B,henry.victoria@example.com,7119.23,Partial (50%),80.19,Active
SCH-2026-1759,Courtney,Carpenter,2018-02-05,Others,Grade 2,C,carpenter.courtney@example.com,3271.51,None,79.65,Active
SCH-2026-1760,James,Vasquez,2016-10-24,Male,Grade 4,D,vasquez.james@example.com,4715.03,Partial (25%),77.02,Active
SCH-2026-1761,Michele,Bryan,2011-07-25,Female,Grade 8,D,bryan.michele@example.com,7765.3,None,92.81,Active
SCH-2026-1762,Kimberly,Kane,2015-08-27,Female,Grade 4,C,kane.kimberly@example.com,11535.96,None,97.83,Active
SCH-2026-1763,Anthony,Khan,2018-01-25,Others,Grade 2,A,khan.anthony@example.com,11962.88,None,96.52,Active
SCH-2026-1764,Mario,Miller,2011-02-24,Female,Grade 10,E,miller.mario@example.com,6721.98,Partial (50%),92.25,Active
SCH-2026-1765,Monica,Velazquez,2013-07-06,Others,Grade 6,D,velazquez.monica@example.com,3480.42,None,79.46,Active
SCH-2026-1766,John,Stephens,2008-08-01,Female,Grade 11,D,stephens.john@example.com,8090.12,None,98.33,Active
SCH-2026-1767,Veronica,Parks,2018-10-07,Male,Grade 1,D,parks.veronica@example.com,9504.12,Partial (25%),99.05,Active
SCH-2026-1768,Justin,Gibson,2009-09-29,Male,Grade 10,C,gibson.justin@example.com,5080.62,None,80.78,Active
SCH-2026-1769,Ann,Brooks,2013-07-28,Others,Grade 7,D,brooks.ann@example.com,7365.9,None,84.85,Active
SCH-2026-1770,Matthew,Hernandez,2007-05-06,Others,Grade 12,C,hernandez.matthew@example.com,7781.96,Partial (25%),84.79,Active
SCH-2026-1771,Ellen,Vang,2016-06-20,Male,Grade 3,D,vang.ellen@example.com,8041.6,None,79.62,Active
SCH-2026-1772,Jacqueline,Bowen,2008-05-27,Male,Grade 12,E,bowen.jacqueline@example.com,7935.6,Full Scholarship,97.31,Withdrawn
SCH-2026-1773,William,York,2010-12-27,Female,Grade 10,A,york.william@example.com,8126.32,None,94.56,Withdrawn
SCH-2026-1774,Richard,Gutierrez,2014-08-03,Male,Grade 6,C,gutierrez.richard@example.com,5929.37,None,87.78,Active
SCH-2026-1775,Jeffrey,Ray,2019-04-30,Male,Grade 1,C,ray.jeffrey@example.com,3757.7,None,98.12,Active
SCH-2026-1776,Michael,Newton,2021-04-13,Others,Kindergarten,E,newton.michael@example.com,8952.28,None,75.85,Active
SCH-2026-1777,Tyler,Duarte,2015-09-24,Others,Grade 5,B,duarte.tyler@example.com,8521.9,None,93.5,Active
SCH-2026-1778,Ashley,King,2013-01-27,Female,Grade 8,E,king.ashley@example.com,4764.05,None,81.86,Active
SCH-2026-1779,Caleb,Brady,2017-07-28,Others,Grade 3,B,brady.caleb@example.com,8832.09,Partial (50%),81.95,Active
SCH-2026-1780,Sharon,Ramirez,2021-06-17,Female,Preschool,A,ramirez.sharon@example.com,3364.82,Partial (25%),89.69,Active
SCH-2026-1781,Holly,Valentine,2009-07-15,Female,Grade 11,E,valentine.holly@example.com,11547.62,None,84.05,Active
SCH-2026-1782,Amy,Steele,2014-06-15,Female,Grade 6,A,steele.amy@example.com,11127.7,Partial (25%),96.48,Active
SCH-2026-1783,Ryan,Costa,2007-06-01,Male,Grade 12,E,costa.ryan@example.com,9670.91,None,76.05,Active
SCH-2026-1784,Scott,Berry,2011-01-30,Female,Grade 10,D,berry.scott@example.com,4578.09,Partial (50%),85.67,On Leave
SCH-2026-1785,Lori,Lopez,2011-02-22,Others,Grade 10,B,lopez.lori@example.com,3491.11,None,82.07,Active
SCH-2026-1786,Katherine,Contreras,2020-05-08,Male,Kindergarten,A,contreras.katherine@example.com,11001.97,None,83.33,Active
SCH-2026-1787,Jeffrey,Alvarez,2008-07-21,Male,Grade 11,D,alvarez.jeffrey@example.com,5543.7,None,75.14,Active
SCH-2026-1788,Katrina,Johnson,2008-03-10,Others,Grade 12,A,johnson.katrina@example.com,11750.26,None,94.36,Active
SCH-2026-1789,Renee,Mcgrath,2008-12-20,Others,Grade 11,C,mcgrath.renee@example.com,11212.89,None,86.18,Active
SCH-2026-1790,Sydney,Reilly,2009-10-06,Male,Grade 11,C,reilly.sydney@example.com,3299.59,Partial (25%),84.03,Active
SCH-2026-1791,Christopher,Gonzalez,2015-05-25,Female,Grade 5,D,gonzalez.christopher@example.com,6448.0,Full Scholarship,79.21,Active
SCH-2026-1792,Roger,Lee,2012-07-05,Male,Grade 7,E,lee.roger@example.com,9662.27,None,80.73,Active
SCH-2026-1793,Bryan,Lopez,2013-01-06,Male,Grade 8,B,lopez.bryan@example.com,10515.82,None,97.71,Active
SCH-2026-1794,Vicki,Mclean,2012-09-22,Male,Grade 8,C,mclean.vicki@example.com,11744.1,None,78.9,Active
SCH-2026-1795,Joel,Meyer,2017-04-08,Male,Grade 3,A,meyer.joel@example.com,4653.18,None,78.84,Active
SCH-2026-1796,Janet,Martinez,2011-09-03,Female,Grade 9,B,martinez.janet@example.com,7041.49,None,79.45,Active
SCH-2026-1797,Richard,Stark,2015-10-01,Female,Grade 5,C,stark.richard@example.com,9090.66,None,78.97,Active
SCH-2026-1798,Peter,Parrish,2019-02-15,Female,Grade 2,E,parrish.peter@example.com,4675.19,None,93.16,Active
SCH-2026-1799,Sarah,Hawkins,2008-03-17,Others,Grade 12,E,hawkins.sarah@example.com,4257.15,None,99.08,Active
SCH-2026-1800,Amy,Vang,2019-04-07,Female,Grade 1,D,vang.amy@example.com,5919.58,Partial (25%),98.92,Active
SCH-2026-1801,Michelle,Curtis,2014-10-31,Others,Grade 5,E,curtis.michelle@example.com,8109.9,None,97.48,Withdrawn
SCH-2026-1802,John,Hunter,2007-11-18,Others,Grade 12,A,hunter.john@example.com,8280.24,Partial (25%),96.59,Active
SCH-2026-1803,Julie,Simpson,2008-09-20,Male,Grade 12,D,simpson.julie@example.com,4884.68,None,99.71,Active
SCH-2026-1804,Tammy,Boyd,2016-05-21,Others,Grade 4,A,boyd.tammy@example.com,4998.39,None,82.69,Active
SCH-2026-1805,Julia,Garza,2012-09-01,Male,Grade 8,E,garza.julia@example.com,3649.96,Partial (25%),96.96,Active
SCH-2026-1806,Jonathan,Stark,2020-10-09,Male,Kindergarten,D,stark.jonathan@example.com,6680.18,None,81.94,Active
SCH-2026-1807,Laura,Johnson,2010-08-25,Others,Grade 9,D,johnson.laura@example.com,5615.86,Partial (50%),99.45,Active
SCH-2026-1808,Diana,Smith,2017-01-24,Others,Grade 4,A,smith.diana@example.com,3293.41,None,95.62,Active
SCH-2026-1809,Nina,Dawson,2012-01-18,Female,Grade 9,B,dawson.nina@example.com,7725.5,None,84.57,Active
SCH-2026-1810,Kenneth,Rios,2011-11-26,Female,Grade 8,C,rios.kenneth@example.com,4029.63,Partial (50%),98.31,Active
SCH-2026-1811,Steven,Freeman,2017-04-24,Others,Grade 4,E,freeman.steven@example.com,3156.25,None,93.54,Active
SCH-2026-1812,Justin,Mcguire,2012-09-18,Others,Grade 8,D,mcguire.justin@example.com,6606.46,None,87.14,On Leave
SCH-2026-1813,Christopher,Anthony,2020-04-22,Others,Grade 1,A,anthony.christopher@example.com,3689.17,None,91.7,Active
SCH-2026-1814,Justin,Webb,2008-08-08,Others,Grade 12,A,webb.justin@example.com,9607.09,None,90.77,Active
SCH-2026-1815,Suzanne,Jackson,2008-05-25,Female,Grade 12,B,jackson.suzanne@example.com,4856.22,None,77.84,Active
SCH-2026-1816,Tyler,Mercer,2009-03-24,Others,Grade 12,C,mercer.tyler@example.com,4199.69,None,90.65,Active
SCH-2026-1817,Steven,Reeves,2015-11-20,Male,Grade 5,A,reeves.steven@example.com,4231.09,Partial (50%),79.72,Active
SCH-2026-1818,Robin,Powers,2019-01-01,Others,Grade 1,B,powers.robin@example.com,10493.88,None,83.84,Active
SCH-2026-1819,John,Oconnor,2014-01-21,Male,Grade 7,C,oconnor.john@example.com,7280.57,None,89.04,Active
SCH-2026-1820,Joseph,Marks,2012-07-12,Others,Grade 7,C,marks.joseph@example.com,7096.99,Partial (25%),93.92,Withdrawn
SCH-2026-1821,Denise,Stanley,2011-06-07,Others,Grade 8,A,stanley.denise@example.com,11047.39,None,87.23,Active
SCH-2026-1822,Kathleen,Garcia,2013-04-15,Male,Grade 7,B,garcia.kathleen@example.com,4459.6,None,83.58,Active
SCH-2026-1823,Benjamin,Williams,2020-10-06,Others,Kindergarten,D,williams.benjamin@example.com,10014.14,None,91.99,Active
SCH-2026-1824,Kyle,Rodgers,2014-11-03,Female,Grade 6,C,rodgers.kyle@example.com,5171.38,None,80.3,Active
SCH-2026-1825,Stephen,Campbell,2016-06-24,Female,Grade 3,B,campbell.stephen@example.com,4790.7,None,87.73,Active
SCH-2026-1826,Kevin,Johnson,2020-06-29,Male,Preschool,A,johnson.kevin@example.com,5522.83,None,90.14,Active
SCH-2026-1827,Kelly,Mays,2017-04-30,Female,Grade 2,D,mays.kelly@example.com,6229.04,Partial (25%),90.29,Active
SCH-2026-1828,James,Baker,2014-05-31,Male,Grade 6,B,baker.james@example.com,4033.0,Partial (50%),94.23,Active
SCH-2026-1829,Betty,Michael,2014-02-26,Male,Grade 7,A,michael.betty@example.com,6262.86,None,83.79,Active
SCH-2026-1830,Chloe,Wong,2018-02-08,Others,Grade 3,B,wong.chloe@example.com,9662.46,None,82.47,Active
SCH-2026-1831,George,Perez,2017-01-01,Others,Grade 3,C,perez.george@example.com,11093.1,None,99.78,Active
SCH-2026-1832,Jacob,Campbell,2019-01-20,Others,Grade 2,D,campbell.jacob@example.com,5308.19,None,99.5,Withdrawn
SCH-2026-1833,Kristina,Foster,2015-01-04,Female,Grade 5,E,foster.kristina@example.com,8243.25,None,78.6,Active
SCH-2026-1834,Tiffany,Duncan,2016-11-02,Others,Grade 4,B,duncan.tiffany@example.com,5831.47,Full Scholarship,93.93,Active
SCH-2026-1835,James,Cooley,2019-06-19,Others,Grade 1,B,cooley.james@example.com,7174.73,None,93.48,Active
SCH-2026-1836,Justin,Carter,2015-08-27,Others,Grade 5,B,carter.justin@example.com,11882.8,None,77.95,Active
SCH-2026-1837,William,Lyons,2012-08-31,Male,Grade 8,A,lyons.william@example.com,3534.18,None,79.26,Withdrawn
SCH-2026-1838,Michael,Richardson,2018-06-07,Female,Grade 1,C,richardson.michael@example.com,3792.99,None,94.74,On Leave
SCH-2026-1839,Amanda,Hernandez,2012-05-02,Others,Grade 7,D,hernandez.amanda@example.com,4707.26,Partial (50%),75.49,Withdrawn
SCH-2026-1840,Victoria,Wilkins,2012-02-03,Male,Grade 9,A,wilkins.victoria@example.com,11828.63,Partial (25%),97.13,Active
SCH-2026-1841,William,Cole,2017-06-09,Male,Grade 3,C,cole.william@example.com,10504.84,None,77.35,Active
SCH-2026-1842,Colleen,Willis,2012-06-21,Others,Grade 7,B,willis.colleen@example.com,8083.05,None,84.13,On Leave
SCH-2026-1843,Felicia,Erickson,2011-08-15,Others,Grade 8,A,erickson.felicia@example.com,6178.84,None,91.53,Active
SCH-2026-1844,Katie,Duncan,2010-02-05,Others,Grade 10,E,duncan.katie@example.com,11174.94,None,97.41,Active
SCH-2026-1845,Erica,Jackson,2008-11-28,Others,Grade 11,A,jackson.erica@example.com,10859.09,None,93.65,Active
SCH-2026-1846,Gabrielle,Woods,2012-08-05,Male,Grade 7,A,woods.gabrielle@example.com,5237.95,None,78.15,Active
SCH-2026-1847,Terri,Wang,2015-09-10,Male,Grade 4,C,wang.terri@example.com,8291.48,None,75.22,Active
SCH-2026-1848,Brianna,Johnson,2020-05-11,Female,Kindergarten,B,johnson.brianna@example.com,4440.9,Full Scholarship,77.51,Active
SCH-2026-1849,David,Stevens,2017-09-21,Male,Grade 2,C,stevens.david@example.com,9292.19,Partial (25%),85.93,Active
SCH-2026-1850,Jaclyn,Jackson,2010-08-24,Others,Grade 9,A,jackson.jaclyn@example.com,3047.61,Partial (50%),86.43,Active
SCH-2026-1851,Wendy,Tran,2019-09-05,Others,Kindergarten,C,tran.wendy@example.com,11652.46,None,96.75,Active
SCH-2026-1852,Jane,Francis,2020-01-28,Female,Grade 1,C,francis.jane@example.com,10937.86,None,87.76,Active
SCH-2026-1853,Gary,Marsh,2012-09-25,Others,Grade 7,C,marsh.gary@example.com,7834.91,None,97.98,Active
SCH-2026-1854,Brenda,Swanson,2011-05-07,Others,Grade 8,D,swanson.brenda@example.com,6222.53,None,97.06,Active
SCH-2026-1855,Kimberly,Tucker,2023-01-07,Female,Preschool,E,tucker.kimberly@example.com,9805.17,None,78.12,Active
SCH-2026-1856,Janet,Ramirez,2008-11-19,Male,Grade 12,A,ramirez.janet@example.com,10771.76,None,89.59,Active
SCH-2026-1857,Autumn,Luna,2020-07-05,Others,Kindergarten,D,luna.autumn@example.com,8203.1,Full Scholarship,81.38,Active
SCH-2026-1858,Matthew,Leon,2018-11-29,Male,Grade 2,E,leon.matthew@example.com,6372.78,None,80.04,Active
SCH-2026-1859,Christina,Carroll,2011-12-14,Others,Grade 9,E,carroll.christina@example.com,4717.44,Partial (50%),93.84,On Leave
SCH-2026-1860,Jasmine,Bradley,2020-03-02,Female,Grade 1,D,bradley.jasmine@example.com,11562.07,None,89.86,Active
SCH-2026-1861,Vanessa,Martinez,2010-01-20,Others,Grade 10,D,martinez.vanessa@example.com,6892.87,None,96.9,Active
SCH-2026-1862,Chad,Miller,2010-07-20,Female,Grade 9,C,miller.chad@example.com,6337.29,Partial (50%),83.73,Active
SCH-2026-1863,Kyle,Knight,2010-07-01,Female,Grade 9,D,knight.kyle@example.com,6393.87,Partial (25%),93.31,Active
SCH-2026-1864,Nathan,Cervantes,2010-11-03,Male,Grade 9,A,cervantes.nathan@example.com,8554.68,None,93.43,Active
SCH-2026-1865,Jessica,Gutierrez,2013-08-30,Male,Grade 6,A,gutierrez.jessica@example.com,4418.82,Partial (25%),78.88,Active
SCH-2026-1866,John,Smith,2015-11-22,Female,Grade 4,C,smith.john@example.com,6133.26,None,94.96,Active
SCH-2026-1867,Joseph,Murphy,2007-04-30,Male,Grade 12,A,murphy.joseph@example.com,10282.79,Partial (25%),86.15,Active
SCH-2026-1868,Rhonda,Vega,2020-10-20,Others,Preschool,C,vega.rhonda@example.com,11247.63,Partial (25%),75.38,Active
SCH-2026-1869,Vincent,Walker,2017-12-06,Male,Grade 3,D,walker.vincent@example.com,3554.3,Full Scholarship,91.85,Active
SCH-2026-1870,Sandra,Hines,2015-01-29,Others,Grade 5,D,hines.sandra@example.com,9062.19,None,91.16,Active
SCH-2026-1871,Scott,Flores,2015-12-01,Others,Grade 4,D,flores.scott@example.com,7774.29,Full Scholarship,96.16,Active
SCH-2026-1872,Catherine,Hancock,2007-12-20,Others,Grade 12,A,hancock.catherine@example.com,3500.99,Partial (25%),96.6,Active
SCH-2026-1873,Shane,Brady,2013-01-28,Others,Grade 7,C,brady.shane@example.com,7567.46,None,80.82,Active
SCH-2026-1874,Susan,Austin,2019-11-27,Male,Grade 1,C,austin.susan@example.com,3831.53,None,78.57,Withdrawn
SCH-2026-1875,Henry,Perez,2019-05-30,Male,Kindergarten,E,perez.henry@example.com,6514.72,None,88.73,Active
SCH-2026-1876,John,Coleman,2021-06-17,Male,Preschool,B,coleman.john@example.com,4842.76,Partial (50%),84.26,Active
SCH-2026-1877,Nicole,Morgan,2012-01-16,Female,Grade 9,D,morgan.nicole@example.com,7220.03,Partial (50%),95.35,Withdrawn
SCH-2026-1878,John,Jones,2022-04-20,Male,Preschool,A,jones.john@example.com,5826.61,None,82.69,On Leave
SCH-2026-1879,Samantha,Rodriguez,2009-05-03,Male,Grade 10,A,rodriguez.samantha@example.com,10893.6,Partial (25%),80.77,Active
SCH-2026-1880,Emily,Bush,2014-03-26,Female,Grade 6,A,bush.emily@example.com,4914.94,Partial (25%),77.81,Active
SCH-2026-1881,Brittney,Thomas,2011-03-05,Others,Grade 9,D,thomas.brittney@example.com,6134.7,None,93.04,Active
SCH-2026-1882,Ashley,Lane,2009-08-18,Male,Grade 10,E,lane.ashley@example.com,3711.42,Partial (25%),86.62,Active
SCH-2026-1883,Joseph,Avery,2014-11-30,Female,Grade 6,B,avery.joseph@example.com,5991.58,None,81.85,Active
SCH-2026-1884,Amanda,Hernandez,2012-03-14,Others,Grade 8,C,hernandez.amanda@example.com,4001.97,Full Scholarship,77.93,Active
SCH-2026-1885,David,Phillips,2009-09-16,Others,Grade 11,D,phillips.david@example.com,4402.54,None,81.65,Active
SCH-2026-1886,Stephanie,Cook,2019-02-14,Female,Grade 2,A,cook.stephanie@example.com,11035.68,None,89.93,Active
SCH-2026-1887,Jason,Robertson,2017-08-31,Female,Grade 3,B,robertson.jason@example.com,11732.46,Partial (25%),91.79,Active
SCH-2026-1888,Mark,Brown,2019-10-20,Others,Grade 1,B,brown.mark@example.com,3712.09,None,75.19,Active
SCH-2026-1889,Haley,Bennett,2019-01-28,Male,Grade 1,A,bennett.haley@example.com,6686.64,Partial (50%),90.38,Withdrawn
SCH-2026-1890,Jacqueline,Perez,2017-01-21,Others,Grade 4,A,perez.jacqueline@example.com,11325.58,None,90.97,Active
SCH-2026-1891,Aaron,Garrett,2017-05-29,Others,Grade 2,B,garrett.aaron@example.com,4308.65,Partial (25%),95.04,Active
SCH-2026-1892,Claire,Wright,2011-10-17,Others,Grade 8,D,wright.claire@example.com,3879.18,None,91.0,Active
SCH-2026-1893,Lisa,Taylor,2017-08-23,Male,Grade 2,D,taylor.lisa@example.com,10785.91,Partial (25%),81.93,Active
SCH-2026-1894,Micheal,Daugherty,2013-09-03,Others,Grade 6,E,daugherty.micheal@example.com,9427.58,None,95.74,Active
SCH-2026-1895,Laurie,Villarreal,2020-10-25,Others,Kindergarten,B,villarreal.laurie@example.com,10594.95,None,78.11,Active
SCH-2026-1896,Nancy,Brown,2011-03-31,Male,Grade 10,E,brown.nancy@example.com,5271.74,Full Scholarship,76.27,Active
SCH-2026-1897,Veronica,Robinson,2010-08-27,Others,Grade 9,A,robinson.veronica@example.com,9246.38,None,95.97,Withdrawn
SCH-2026-1898,Susan,Johnson,2013-09-26,Male,Grade 7,D,johnson.susan@example.com,3660.56,Partial (25%),99.48,Active
SCH-2026-1899,April,Hudson,2010-03-04,Female,Grade 10,C,hudson.april@example.com,5200.12,Partial (50%),87.77,Active
SCH-2026-1900,Cynthia,Young,2012-05-04,Others,Grade 7,E,young.cynthia@example.com,5396.39,None,75.45,Active
SCH-2026-1901,Heather,Anderson,2013-02-03,Female,Grade 8,A,anderson.heather@example.com,8674.77,None,99.02,Active
SCH-2026-1902,Virginia,Grimes,2011-04-05,Others,Grade 9,A,grimes.virginia@example.com,4293.87,None,85.9,Active
SCH-2026-1903,Eric,Brown,2009-12-04,Male,Grade 10,B,brown.eric@example.com,4096.33,None,76.89,Active
SCH-2026-1904,David,Smith,2018-07-01,Female,Grade 1,B,smith.david@example.com,3634.2,Full Scholarship,96.01,Active
SCH-2026-1905,Laura,Henry,2014-04-04,Female,Grade 7,A,henry.laura@example.com,7282.39,None,77.39,Active
SCH-2026-1906,Aaron,Rangel,2014-11-20,Female,Grade 5,D,rangel.aaron@example.com,8338.2,Full Scholarship,85.18,Active
SCH-2026-1907,Carlos,Colon,2021-09-22,Female,Preschool,B,colon.carlos@example.com,4339.04,None,90.76,Active
SCH-2026-1908,Alyssa,Woodward,2021-01-03,Male,Kindergarten,E,woodward.alyssa@example.com,3455.3,Partial (25%),94.46,Active
SCH-2026-1909,Selena,Ramos,2010-11-10,Others,Grade 9,E,ramos.selena@example.com,9206.81,None,77.27,Active
SCH-2026-1910,Charles,Crosby,2017-10-10,Others,Grade 3,D,crosby.charles@example.com,10685.5,Partial (25%),92.88,Active
SCH-2026-1911,Stephen,Williams,2011-05-24,Male,Grade 9,E,williams.stephen@example.com,10313.18,Partial (25%),95.24,Active
SCH-2026-1912,Ronald,Patterson,2016-03-08,Male,Grade 4,B,patterson.ronald@example.com,9463.58,None,90.55,Withdrawn
SCH-2026-1913,Michael,Newman,2015-03-20,Female,Grade 5,C,newman.michael@example.com,6769.48,None,94.44,Active
SCH-2026-1914,John,Sawyer,2011-05-11,Female,Grade 9,E,sawyer.john@example.com,7525.91,None,99.16,Active
SCH-2026-1915,Kevin,Walker,2017-02-27,Male,Grade 3,C,walker.kevin@example.com,7708.81,Partial (25%),88.8,Active
SCH-2026-1916,Scott,Jackson,2017-11-22,Female,Grade 2,D,jackson.scott@example.com,11682.21,None,90.95,Active
SCH-2026-1917,Jesus,Elliott,2007-10-15,Others,Grade 12,B,elliott.jesus@example.com,8295.88,None,91.94,Active
SCH-2026-1918,Robert,Chandler,2017-07-21,Others,Grade 3,A,chandler.robert@example.com,8324.32,Partial (25%),93.78,Active
SCH-2026-1919,Anita,Pearson,2009-08-21,Female,Grade 11,D,pearson.anita@example.com,6952.46,None,92.03,Withdrawn
SCH-2026-1920,Derrick,Gordon,2021-01-10,Others,Preschool,C,gordon.derrick@example.com,9074.75,Partial (25%),78.31,Withdrawn
SCH-2026-1921,Jessica,King,2016-01-04,Others,Grade 5,E,king.jessica@example.com,10856.33,None,84.58,Active
SCH-2026-1922,Jessica,Park,2014-12-06,Female,Grade 5,E,park.jessica@example.com,7966.71,None,88.96,Active
SCH-2026-1923,Joseph,Allen,2012-01-19,Others,Grade 8,A,allen.joseph@example.com,8698.23,None,85.3,Active
SCH-2026-1924,Kathryn,Obrien,2014-01-07,Others,Grade 6,E,obrien.kathryn@example.com,5400.54,None,90.15,Active
SCH-2026-1925,Brooke,Howard,2016-10-31,Male,Grade 4,D,howard.brooke@example.com,3980.91,None,99.7,Active
SCH-2026-1926,Jessica,Watson,2008-04-22,Others,Grade 12,A,watson.jessica@example.com,4528.27,None,99.91,Active
SCH-2026-1927,Barry,Hunter,2018-06-25,Others,Grade 1,C,hunter.barry@example.com,8981.88,None,96.51,Active
SCH-2026-1928,Oscar,Sims,2009-01-14,Others,Grade 11,A,sims.oscar@example.com,10684.71,None,95.23,Active
SCH-2026-1929,John,Cole,2017-09-18,Others,Grade 2,A,cole.john@example.com,3039.04,Partial (25%),78.83,Active
SCH-2026-1930,Connor,Rhodes,2011-07-13,Male,Grade 9,E,rhodes.connor@example.com,6373.39,Partial (50%),79.06,Active
SCH-2026-1931,Donald,Adams,2016-09-25,Male,Grade 4,A,adams.donald@example.com,6171.51,None,81.11,Active
SCH-2026-1932,Michael,James,2020-02-04,Female,Grade 1,A,james.michael@example.com,10289.14,None,83.9,Withdrawn
SCH-2026-1933,Danny,Mercer,2016-03-27,Others,Grade 5,A,mercer.danny@example.com,7478.9,None,92.14,Active
SCH-2026-1934,Gabrielle,Robinson,2017-11-24,Female,Grade 3,B,robinson.gabrielle@example.com,8952.53,Partial (25%),89.27,Active
SCH-2026-1935,Marissa,Nelson,2014-08-10,Others,Grade 5,E,nelson.marissa@example.com,4932.54,None,99.14,Active
SCH-2026-1936,Mary,Hill,2018-09-02,Others,Grade 1,E,hill.mary@example.com,3287.67,Partial (25%),88.95,Active
SCH-2026-1937,Andrew,Rogers,2015-12-01,Male,Grade 5,A,rogers.andrew@example.com,3090.06,None,88.94,Active
SCH-2026-1938,Caitlyn,Rodriguez,2011-08-10,Female,Grade 8,C,rodriguez.caitlyn@example.com,10346.56,None,81.42,Active
SCH-2026-1939,Debra,Jackson,2013-09-25,Male,Grade 6,B,jackson.debra@example.com,5825.61,None,98.4,Active
SCH-2026-1940,Joshua,Wagner,2014-09-09,Others,Grade 5,A,wagner.joshua@example.com,4860.97,None,93.16,Active
SCH-2026-1941,Anthony,Collins,2018-09-24,Male,Grade 2,E,collins.anthony@example.com,3556.51,Partial (25%),83.59,Active
SCH-2026-1942,Mark,Wilson,2012-10-12,Others,Grade 7,C,wilson.mark@example.com,4950.09,None,75.5,Active
SCH-2026-1943,Jason,Rice,2008-11-03,Female,Grade 12,D,rice.jason@example.com,6489.44,None,88.27,Active
SCH-2026-1944,Christopher,Baker,2015-01-29,Male,Grade 6,C,baker.christopher@example.com,10239.08,Partial (50%),93.78,Withdrawn
SCH-2026-1945,Jessica,Brown,2015-01-30,Female,Grade 5,D,brown.jessica@example.com,10277.49,None,87.39,Withdrawn
SCH-2026-1946,Brenda,Jones,2023-04-11,Others,Preschool,A,jones.brenda@example.com,7410.5,Partial (25%),79.24,Withdrawn
SCH-2026-1947,Kevin,Lee,2012-04-23,Male,Grade 8,D,lee.kevin@example.com,6864.85,None,95.49,Active
SCH-2026-1948,Misty,Cline,2020-04-23,Male,Kindergarten,E,cline.misty@example.com,3597.15,None,84.59,Active
SCH-2026-1949,Alexandra,Montes,2010-10-21,Female,Grade 10,B,montes.alexandra@example.com,5022.09,None,83.17,Active
SCH-2026-1950,Gina,Gates,2021-04-04,Female,Preschool,E,gates.gina@example.com,5411.93,None,82.39,Active
SCH-2026-1951,David,Walker,2017-12-15,Male,Grade 2,B,walker.david@example.com,5755.7,None,75.7,Active
SCH-2026-1952,Mary,Stevens,2009-07-19,Others,Grade 10,A,stevens.mary@example.com,9798.8,None,91.19,Active
SCH-2026-1953,Laurie,Silva,2011-12-19,Female,Grade 8,E,silva.laurie@example.com,9052.12,Partial (50%),85.86,Withdrawn
SCH-2026-1954,Vanessa,Smith,2008-06-14,Others,Grade 11,C,smith.vanessa@example.com,10437.51,None,84.61,Active
SCH-2026-1955,Charles,Herrera,2017-07-20,Others,Grade 2,B,herrera.charles@example.com,11564.16,Partial (25%),80.33,Active
SCH-2026-1956,Richard,Johnson,2010-03-11,Male,Grade 11,D,johnson.richard@example.com,8901.42,None,79.56,Active
SCH-2026-1957,Emily,Griffith,2011-01-10,Female,Grade 9,C,griffith.emily@example.com,9006.41,Partial (50%),87.8,Active
SCH-2026-1958,Lynn,Ortiz,2019-10-07,Female,Kindergarten,D,ortiz.lynn@example.com,3125.15,None,93.13,Active
SCH-2026-1959,Debra,Perez,2010-09-16,Others,Grade 10,C,perez.debra@example.com,11960.57,Partial (50%),96.51,Active
SCH-2026-1960,Marc,Rodriguez,2016-05-17,Female,Grade 3,E,rodriguez.marc@example.com,3147.46,None,95.93,Active
SCH-2026-1961,Darlene,Bailey,2017-12-20,Others,Grade 3,A,bailey.darlene@example.com,9569.19,None,87.04,Active
SCH-2026-1962,Carolyn,Wells,2019-04-08,Others,Grade 2,E,wells.carolyn@example.com,10979.8,None,80.35,Active
SCH-2026-1963,Miranda,Smith,2008-11-21,Others,Grade 12,C,smith.miranda@example.com,5810.44,Partial (25%),89.54,On Leave
SCH-2026-1964,Peter,Townsend,2018-12-19,Male,Grade 2,D,townsend.peter@example.com,10081.64,None,84.58,Active
SCH-2026-1965,Rebecca,Murphy,2021-05-07,Others,Preschool,D,murphy.rebecca@example.com,3240.38,None,80.53,Active
SCH-2026-1966,Lisa,Bell,2020-04-24,Female,Kindergarten,B,bell.lisa@example.com,5795.16,None,94.33,Active
SCH-2026-1967,Michele,Wheeler,2017-09-05,Female,Grade 3,E,wheeler.michele@example.com,11080.63,Partial (50%),81.79,Active
SCH-2026-1968,Heather,Zimmerman,2018-02-17,Female,Grade 3,D,zimmerman.heather@example.com,3098.83,None,88.56,Active
SCH-2026-1969,Brian,Walker,2011-09-26,Female,Grade 8,B,walker.brian@example.com,11903.11,None,84.2,Active
SCH-2026-1970,John,Davis,2020-07-30,Male,Kindergarten,E,davis.john@example.com,6850.22,Partial (25%),79.91,Withdrawn
SCH-2026-1971,Robert,Santos,2007-06-23,Female,Grade 12,E,santos.robert@example.com,5238.41,None,77.43,Active
SCH-2026-1972,Jackson,Yoder,2015-08-20,Female,Grade 4,E,yoder.jackson@example.com,6310.52,None,76.99,Active
SCH-2026-1973,Shawn,Wilson,2015-11-28,Male,Grade 5,B,wilson.shawn@example.com,10832.08,Partial (25%),76.43,Active
SCH-2026-1974,April,Ferguson,2011-08-20,Male,Grade 9,A,ferguson.april@example.com,4776.84,Partial (25%),98.08,Active
SCH-2026-1975,Eric,Johnson,2013-09-23,Male,Grade 6,D,johnson.eric@example.com,11241.85,Partial (50%),92.07,Active
SCH-2026-1976,Eric,Mercado,2013-04-02,Others,Grade 8,D,mercado.eric@example.com,5327.14,None,76.63,Active
SCH-2026-1977,David,Mercer,2008-06-17,Female,Grade 12,E,mercer.david@example.com,4482.21,None,85.55,Active
SCH-2026-1978,Michael,Johnson,2014-08-03,Female,Grade 5,A,johnson.michael@example.com,8656.67,None,82.56,Active
SCH-2026-1979,James,Allen,2007-12-29,Female,Grade 12,E,allen.james@example.com,8303.44,Partial (25%),85.61,Active
SCH-2026-1980,Lauren,Bartlett,2019-12-09,Female,Grade 1,C,bartlett.lauren@example.com,8957.18,None,75.64,Active
SCH-2026-1981,Cameron,Lara,2017-08-27,Female,Grade 3,B,lara.cameron@example.com,9502.03,Partial (25%),96.63,Active
SCH-2026-1982,Justin,Harrison,2018-12-09,Female,Grade 1,C,harrison.justin@example.com,9372.87,None,93.78,Active
SCH-2026-1983,Vanessa,Cox,2013-08-20,Others,Grade 6,A,cox.vanessa@example.com,8188.88,None,86.93,Active
SCH-2026-1984,Nicholas,Roberts,2017-05-11,Female,Grade 3,A,roberts.nicholas@example.com,9406.41,Partial (50%),77.9,Active
SCH-2026-1985,Daniel,Nelson,2008-07-21,Female,Grade 12,C,nelson.daniel@example.com,11818.29,None,76.15,Active
SCH-2026-1986,Jennifer,Morris,2018-07-15,Male,Grade 2,A,morris.jennifer@example.com,5620.31,None,78.56,Active
SCH-2026-1987,Lindsey,Medina,2012-10-01,Others,Grade 7,A,medina.lindsey@example.com,5229.4,None,81.42,Withdrawn
SCH-2026-1988,Stephen,Johnson,2018-05-04,Female,Grade 2,D,johnson.stephen@example.com,4017.16,None,85.66,On Leave
SCH-2026-1989,Christopher,Chen,2013-08-01,Male,Grade 7,A,chen.christopher@example.com,4355.55,None,80.25,Active
SCH-2026-1990,Elijah,Guzman,2020-03-05,Female,Grade 1,C,guzman.elijah@example.com,7075.89,None,80.46,Active
SCH-2026-1991,Brenda,Acevedo,2012-01-12,Male,Grade 8,A,acevedo.brenda@example.com,4363.62,None,90.66,Active
SCH-2026-1992,Kimberly,Spears,2012-03-03,Male,Grade 8,B,spears.kimberly@example.com,7306.5,None,91.34,Active
SCH-2026-1993,Jasmine,Roberson,2020-04-17,Male,Kindergarten,C,roberson.jasmine@example.com,9942.3,None,80.55,Active
SCH-2026-1994,Ashley,Johnson,2018-08-28,Male,Grade 1,C,johnson.ashley@example.com,7108.83,Partial (25%),97.76,Active
SCH-2026-1995,Stanley,Bridges,2017-01-02,Others,Grade 4,C,bridges.stanley@example.com,11736.8,None,89.14,Active
SCH-2026-1996,Alice,Grant,2019-10-26,Female,Kindergarten,D,grant.alice@example.com,7378.36,None,84.8,Active
SCH-2026-1997,Allison,Wheeler,2014-10-28,Male,Grade 5,C,wheeler.allison@example.com,11434.92,Partial (50%),85.03,Active
SCH-2026-1998,Elizabeth,Warren,2014-11-16,Male,Grade 6,D,warren.elizabeth@example.com,7479.96,Full Scholarship,97.77,Active
SCH-2026-1999,Preston,Ellis,2013-06-11,Others,Grade 6,E,ellis.preston@example.com,3871.29,None,83.16,Active
