Student_ID,First_Name,Last_Name,DOB,Gender,Grade_Level,Section,Parent_Email,Annual_Tuition,Scholarship_Type,Attendance_Rate,Enrollment_Status
SCH-2026-1000,Lori,Morgan,2021-09-05,Male,Preschool,A,morgan.lori@yahoo.com,5232.64,Partial (50%),88.66,On Leave
SCH-2026-1001,Sean,Flores,2011-02-26,Female,Grade 9,E,flores.sean@hotmail.com,3278.02,None,81.43,Withdrawn
SCH-2026-1002,Sarah,Evans,2015-10-11,Female,Grade 5,E,evans.sarah@yahoo.com,7702.39,Partial (25%),88.56,Active
SCH-2026-1003,Noah,Brewer,2008-02-18,Female,Grade 12,A,brewer.noah@yahoo.com,8315.63,None,97.78,Active
SCH-2026-1004,Susan,Lopez,2013-02-19,Non-binary,Grade 7,A,lopez.susan@hotmail.com,8350.04,Partial (50%),98.98,Active
SCH-2026-1005,Stacy,Adams,2009-06-14,Female,Grade 10,D,adams.stacy@gmail.com,4000.81,None,88.39,Active
SCH-2026-1006,Mark,Kennedy,2018-04-08,Female,Grade 2,B,kennedy.mark@yahoo.com,6653.14,None,97.79,On Leave
SCH-2026-1007,Tami,Conley,2017-04-09,Female,Grade 4,C,conley.tami@gmail.com,5704.82,None,83.81,Withdrawn
SCH-2026-1008,Becky,Weeks,2021-11-21,Male,Preschool,A,weeks.becky@hotmail.com,8934.55,Partial (25%),94.77,Active
SCH-2026-1009,Megan,Pratt,2016-10-09,Male,Grade 3,B,pratt.megan@hotmail.com,6295.88,None,82.73,Active
SCH-2026-1010,Patricia,Frank,2009-05-30,Non-binary,Grade 10,D,frank.patricia@gmail.com,10194.17,None,96.97,Active
SCH-2026-1011,Robert,Rivera,2011-11-03,Non-binary,Grade 9,D,rivera.robert@hotmail.com,8267.21,None,95.66,Active
SCH-2026-1012,Natasha,Boyd,2014-12-11,Non-binary,Grade 6,E,boyd.natasha@gmail.com,5623.66,None,80.32,Withdrawn
SCH-2026-1013,Jeffrey,Lamb,2020-02-05,Non-binary,Grade 1,C,lamb.jeffrey@gmail.com,3185.38,None,92.57,Active
SCH-2026-1014,Todd,Smith,2016-09-29,Male,Grade 4,E,smith.todd@hotmail.com,10427.15,Partial (50%),88.88,Active
SCH-2026-1015,Manuel,Murphy,2018-05-20,Non-binary,Grade 2,C,murphy.manuel@gmail.com,8825.8,Partial (25%),95.42,Active
SCH-2026-1016,Karen,Allen,2014-02-17,Non-binary,Grade 6,A,allen.karen@gmail.com,11752.75,Partial (25%),96.95,Active
SCH-2026-1017,Nicole,Hopkins,2014-09-10,Female,Grade 6,D,hopkins.nicole@yahoo.com,9745.35,None,77.78,Active
SCH-2026-1018,Debra,Thompson,2015-09-22,Female,Grade 5,E,thompson.debra@hotmail.com,4444.85,None,76.12,Withdrawn
SCH-2026-1019,Vanessa,Mcneil,2012-12-06,Male,Grade 8,B,mcneil.vanessa@gmail.com,8843.76,None,85.69,Active
SCH-2026-1020,Barbara,Bell,2008-09-10,Female,Grade 11,A,bell.barbara@yahoo.com,5887.33,Partial (25%),94.91,Active
SCH-2026-1021,Lauren,Smith,2010-07-25,Female,Grade 9,B,smith.lauren@yahoo.com,11998.94,None,94.88,Active
SCH-2026-1022,Melvin,Graham,2011-05-25,Male,Grade 8,C,graham.melvin@hotmail.com,8795.15,Full Scholarship,90.62,Active
SCH-2026-1023,Steven,Stephens,2018-01-30,Female,Grade 3,C,stephens.steven@yahoo.com,10178.69,None,99.12,Active
SCH-2026-1024,Kurt,Young,2014-05-28,Non-binary,Grade 5,E,young.kurt@hotmail.com,4752.45,None,78.83,Active
SCH-2026-1025,Rachel,Wilson,2014-07-26,Female,Grade 6,D,wilson.rachel@hotmail.com,11903.15,None,84.67,Withdrawn
SCH-2026-1026,Steven,Olson,2011-03-23,Non-binary,Grade 9,A,olson.steven@yahoo.com,11462.64,None,92.41,Active
SCH-2026-1027,Allison,Wilson,2019-07-17,Non-binary,Kindergarten,B,wilson.allison@gmail.com,6692.43,Partial (50%),94.87,Active
SCH-2026-1028,Daniel,Smith,2016-01-04,Non-binary,Grade 4,D,smith.daniel@hotmail.com,3983.99,None,91.09,Active
SCH-2026-1029,David,Santos,2017-08-08,Non-binary,Grade 3,C,santos.david@gmail.com,7924.87,None,75.57,Active
SCH-2026-1030,Julie,King,2022-04-20,Non-binary,Preschool,E,king.julie@gmail.com,8361.0,None,76.01,Active
SCH-2026-1031,Derek,Rose,2019-06-22,Male,Kindergarten,A,rose.derek@gmail.com,8328.79,None,96.72,Active
SCH-2026-1032,Gerald,Mcconnell,2011-07-23,Non-binary,Grade 9,E,mcconnell.gerald@yahoo.com,7895.15,None,94.05,Active
SCH-2026-1033,Gregory,Rivera,2017-09-24,Non-binary,Grade 3,A,rivera.gregory@gmail.com,7739.98,None,77.03,Withdrawn
SCH-2026-1034,Nicole,Johnson,2014-10-29,Non-binary,Grade 6,A,johnson.nicole@hotmail.com,4355.06,None,81.48,Active
SCH-2026-1035,Michelle,Smith,2013-09-30,Female,Grade 7,A,smith.michelle@gmail.com,4931.43,None,90.06,Active
SCH-2026-1036,Natalie,Arellano,2019-04-19,Female,Grade 1,A,arellano.natalie@hotmail.com,8395.75,Partial (25%),93.53,Active
SCH-2026-1037,Courtney,Bruce,2020-04-30,Female,Preschool,D,bruce.courtney@yahoo.com,3148.13,Partial (50%),94.93,Active
SCH-2026-1038,Lisa,Henry,2009-02-11,Non-binary,Grade 11,B,henry.lisa@yahoo.com,10905.09,Partial (25%),92.29,Active
SCH-2026-1039,Ryan,Evans,2015-10-27,Non-binary,Grade 5,B,evans.ryan@yahoo.com,7095.25,None,97.8,Active
SCH-2026-1040,Vincent,Blackwell,2018-09-16,Non-binary,Grade 2,C,blackwell.vincent@yahoo.com,4420.86,None,96.9,Active
SCH-2026-1041,Gavin,Hester,2018-03-31,Male,Grade 3,D,hester.gavin@yahoo.com,4281.78,None,93.62,Active
SCH-2026-1042,Gene,Prince,2015-09-30,Male,Grade 4,E,prince.gene@yahoo.com,11651.79,None,98.74,Active
SCH-2026-1043,Michael,Gomez,2014-02-25,Non-binary,Grade 7,D,gomez.michael@gmail.com,10557.78,None,82.39,Active
SCH-2026-1044,Lisa,Green,2014-11-07,Female,Grade 6,B,green.lisa@gmail.com,3507.59,None,90.53,Active
SCH-2026-1045,Ashley,Gonzalez,2008-07-25,Male,Grade 11,C,gonzalez.ashley@gmail.com,5017.84,None,95.58,Active
SCH-2026-1046,Shane,Medina,2021-12-24,Non-binary,Preschool,D,medina.shane@gmail.com,8139.27,None,99.09,Active
SCH-2026-1047,Crystal,Jackson,2009-11-01,Female,Grade 11,A,jackson.crystal@gmail.com,8285.56,Partial (25%),94.87,Active
SCH-2026-1048,Michele,Frazier,2018-05-29,Male,Grade 2,B,frazier.michele@yahoo.com,6024.04,None,94.1,Active
SCH-2026-1049,Tony,Porter,2020-07-24,Non-binary,Preschool,E,porter.tony@gmail.com,4730.01,None,96.76,Active
SCH-2026-1050,Shawn,Reynolds,2016-05-21,Male,Grade 3,D,reynolds.shawn@yahoo.com,9279.23,None,95.23,Active
SCH-2026-1051,Frank,Salinas,2018-01-21,Male,Grade 3,A,salinas.frank@yahoo.com,11093.47,None,86.45,Withdrawn
SCH-2026-1052,Dennis,Jefferson,2010-02-07,Female,Grade 10,D,jefferson.dennis@hotmail.com,7818.71,None,85.22,Active
SCH-2026-1053,Heather,Lopez,2011-11-25,Female,Grade 8,A,lopez.heather@hotmail.com,5380.02,None,84.07,Active
SCH-2026-1054,Joshua,Martinez,2010-04-24,Non-binary,Grade 11,D,martinez.joshua@hotmail.com,11701.78,Partial (50%),93.94,Active
SCH-2026-1055,Tiffany,Owens,2019-08-24,Male,Grade 1,B,owens.tiffany@hotmail.com,9457.25,None,90.21,Active
SCH-2026-1056,Deborah,Shaw,2023-01-09,Female,Preschool,C,shaw.deborah@gmail.com,11903.01,None,90.28,Active
SCH-2026-1057,April,Flores,2011-06-27,Female,Grade 9,A,flores.april@gmail.com,6712.75,Full Scholarship,92.32,Active
SCH-2026-1058,Hector,Cruz,2010-04-14,Female,Grade 11,E,cruz.hector@yahoo.com,10570.43,Partial (50%),83.0,Active
SCH-2026-1059,Travis,Cox,2012-01-27,Female,Grade 9,A,cox.travis@gmail.com,3497.53,Full Scholarship,92.55,Active
SCH-2026-1060,Adam,Graham,2010-11-26,Non-binary,Grade 10,B,graham.adam@gmail.com,7255.45,None,77.13,Active
SCH-2026-1061,Ashley,Coleman,2012-05-09,Male,Grade 7,C,coleman.ashley@gmail.com,8646.64,Partial (25%),90.52,Active
SCH-2026-1062,Jaclyn,Butler,2010-06-30,Male,Grade 10,E,butler.jaclyn@yahoo.com,10260.13,None,88.87,Active
SCH-2026-1063,Brian,Obrien,2017-05-24,Female,Grade 2,A,obrien.brian@yahoo.com,3254.51,None,76.91,Active
SCH-2026-1064,Daniel,Mckinney,2017-11-25,Female,Grade 3,E,mckinney.daniel@yahoo.com,4108.49,Partial (50%),79.85,Active
SCH-2026-1065,Sheri,Taylor,2015-09-01,Female,Grade 4,D,taylor.sheri@gmail.com,11642.01,Partial (25%),86.37,Active
SCH-2026-1066,Gregory,Harris,2023-03-24,Non-binary,Preschool,B,harris.gregory@hotmail.com,6844.36,None,81.97,Active
SCH-2026-1067,Michael,Keller,2017-02-13,Female,Grade 4,A,keller.michael@hotmail.com,9790.81,None,81.03,Active
SCH-2026-1068,Christopher,Ortega,2009-05-22,Non-binary,Grade 10,B,ortega.christopher@hotmail.com,4338.4,None,95.19,Active
SCH-2026-1069,Amy,Murray,2022-03-31,Male,Preschool,E,murray.amy@yahoo.com,6174.59,None,95.07,Active
SCH-2026-1070,Kathleen,Porter,2019-11-13,Female,Grade 1,B,porter.kathleen@gmail.com,5805.12,Partial (25%),78.39,Active
SCH-2026-1071,Elizabeth,Singleton,2020-12-22,Female,Kindergarten,E,singleton.elizabeth@hotmail.com,7656.92,None,78.06,Active
SCH-2026-1072,Susan,Johnson,2008-05-23,Male,Grade 11,A,johnson.susan@gmail.com,4602.46,None,98.66,Active
SCH-2026-1073,Robert,Bates,2009-07-02,Male,Grade 11,D,bates.robert@gmail.com,8969.78,None,81.03,Active
SCH-2026-1074,Thomas,Williams,2018-12-18,Non-binary,Grade 1,B,williams.thomas@hotmail.com,4694.29,None,76.0,Active
SCH-2026-1075,Jennifer,Martinez,2010-04-18,Male,Grade 10,B,martinez.jennifer@hotmail.com,4439.17,Partial (25%),90.53,Active
SCH-2026-1076,Kathy,Fisher,2018-01-19,Non-binary,Grade 2,E,fisher.kathy@yahoo.com,5259.59,None,87.71,Active
SCH-2026-1077,Lisa,Andersen,2015-07-26,Female,Grade 5,A,andersen.lisa@yahoo.com,7405.32,None,97.01,Active
SCH-2026-1078,Vincent,Butler,2017-02-09,Male,Grade 3,E,butler.vincent@hotmail.com,5665.28,None,98.16,Active
SCH-2026-1079,Mark,Jackson,2014-01-24,Non-binary,Grade 7,E,jackson.mark@gmail.com,6775.47,None,84.99,Withdrawn
SCH-2026-1080,Chelsea,Riley,2008-01-11,Male,Grade 12,B,riley.chelsea@gmail.com,3900.9,None,78.68,Active
SCH-2026-1081,Cynthia,Lopez,2012-06-03,Non-binary,Grade 8,E,lopez.cynthia@gmail.com,11390.15,None,92.4,Active
SCH-2026-1082,Mary,Fischer,2022-06-18,Male,Preschool,A,fischer.mary@yahoo.com,8673.1,None,88.6,Active
SCH-2026-1083,Lindsay,Ray,2022-02-18,Non-binary,Preschool,A,ray.lindsay@yahoo.com,5165.76,None,92.96,Active
SCH-2026-1084,Scott,Romero,2010-09-22,Non-binary,Grade 9,B,romero.scott@yahoo.com,10552.42,None,87.91,Active
SCH-2026-1085,Emily,Lozano,2009-09-07,Female,Grade 10,B,lozano.emily@gmail.com,5727.88,None,92.74,Active
SCH-2026-1086,Amanda,Gutierrez,2013-10-08,Female,Grade 6,E,gutierrez.amanda@gmail.com,9818.05,None,90.62,Active
SCH-2026-1087,Jacob,Mack,2015-03-20,Non-binary,Grade 5,C,mack.jacob@yahoo.com,8294.6,None,75.67,Active
SCH-2026-1088,Melinda,Brown,2009-03-16,Female,Grade 11,C,brown.melinda@gmail.com,8053.42,None,79.41,Active
SCH-2026-1089,Amanda,Thomas,2008-07-06,Non-binary,Grade 11,C,thomas.amanda@gmail.com,4719.48,None,98.73,Active
SCH-2026-1090,Andres,Tran,2017-04-20,Male,Grade 3,E,tran.andres@gmail.com,4505.89,None,76.47,Active
SCH-2026-1091,Charles,Murillo,2016-11-30,Male,Grade 3,A,murillo.charles@hotmail.com,11005.76,Partial (25%),99.24,Active
SCH-2026-1092,James,Russell,2010-09-30,Non-binary,Grade 9,E,russell.james@gmail.com,10647.11,None,79.83,Active
SCH-2026-1093,Stephen,Newman,2010-12-08,Non-binary,Grade 10,B,newman.stephen@yahoo.com,4480.5,Full Scholarship,89.99,Active
SCH-2026-1094,Jimmy,Stephens,2015-01-22,Female,Grade 6,C,stephens.jimmy@hotmail.com,8396.77,None,79.96,Active
SCH-2026-1095,Stephanie,Moore,2020-11-26,Male,Preschool,B,moore.stephanie@yahoo.com,4259.66,Partial (25%),99.07,Active
SCH-2026-1096,Raven,Higgins,2018-01-05,Male,Grade 2,A,higgins.raven@yahoo.com,6728.27,Partial (50%),93.76,Active
SCH-2026-1097,Tyler,Moore,2011-05-25,Non-binary,Grade 9,B,moore.tyler@gmail.com,4822.87,None,97.85,Active
SCH-2026-1098,Amanda,Nelson,2013-04-08,Female,Grade 8,B,nelson.amanda@gmail.com,6546.95,None,82.5,Active
SCH-2026-1099,Sierra,Simmons,2013-06-06,Non-binary,Grade 6,E,simmons.sierra@hotmail.com,8226.03,None,92.38,Active
SCH-2026-1100,Maria,Gill,2022-04-21,Male,Preschool,C,gill.maria@hotmail.com,5402.06,None,80.45,Active
SCH-2026-1101,Marcus,Hernandez,2019-04-01,Male,Grade 1,B,hernandez.marcus@yahoo.com,10140.63,None,95.37,Active
SCH-2026-1102,Christopher,Zimmerman,2013-04-08,Female,Grade 7,E,zimmerman.christopher@yahoo.com,5014.17,Partial (25%),98.62,Active
SCH-2026-1103,Mariah,Lane,2014-05-24,Female,Grade 5,D,lane.mariah@gmail.com,7769.62,Partial (25%),87.3,Active
SCH-2026-1104,Brenda,Watson,2017-02-16,Female,Grade 4,B,watson.brenda@gmail.com,4100.14,None,76.28,Active
SCH-2026-1105,James,Woods,2014-01-25,Male,Grade 6,C,woods.james@yahoo.com,8496.9,None,95.11,Active
SCH-2026-1106,Aaron,Baker,2019-09-22,Non-binary,Grade 1,C,baker.aaron@yahoo.com,5065.62,None,76.71,Active
SCH-2026-1107,Jody,Tran,2014-01-19,Non-binary,Grade 6,D,tran.jody@gmail.com,9215.81,Partial (25%),97.59,Active
SCH-2026-1108,Claudia,Torres,2010-02-25,Male,Grade 10,D,torres.claudia@hotmail.com,10448.77,None,80.39,Withdrawn
SCH-2026-1109,Jonathan,Patel,2018-05-02,Male,Grade 1,D,patel.jonathan@hotmail.com,11856.69,None,82.26,Active
SCH-2026-1110,Donald,Lane,2008-08-28,Female,Grade 12,C,lane.donald@hotmail.com,3892.87,Partial (25%),95.41,Active
SCH-2026-1111,Michael,Cortez,2016-03-26,Female,Grade 4,A,cortez.michael@gmail.com,8662.39,None,77.62,Active
SCH-2026-1112,Amanda,Cooper,2010-09-13,Male,Grade 10,D,cooper.amanda@gmail.com,10741.24,Partial (50%),98.34,Active
SCH-2026-1113,Gary,Fry,2013-10-16,Non-binary,Grade 7,E,fry.gary@hotmail.com,6177.7,Partial (50%),88.5,Withdrawn
SCH-2026-1114,Joseph,Braun,2017-07-27,Female,Grade 2,B,braun.joseph@gmail.com,6727.65,None,97.91,Active
SCH-2026-1115,Gary,Odom,2015-06-07,Female,Grade 5,E,odom.gary@gmail.com,3821.32,None,86.88,Active
SCH-2026-1116,James,Jones,2015-04-14,Male,Grade 5,B,jones.james@gmail.com,11672.88,None,76.37,Active
SCH-2026-1117,Ashley,Coleman,2012-01-20,Female,Grade 8,A,coleman.ashley@hotmail.com,6644.14,None,85.36,Active
SCH-2026-1118,April,Williams,2016-04-12,Non-binary,Grade 4,E,williams.april@hotmail.com,5416.78,None,94.92,Active
SCH-2026-1119,Alisha,Jackson,2013-09-03,Non-binary,Grade 6,A,jackson.alisha@gmail.com,9905.22,Partial (25%),91.0,Active
SCH-2026-1120,Sheena,Reeves,2017-05-01,Male,Grade 2,E,reeves.sheena@gmail.com,8712.08,Partial (25%),94.83,Active
SCH-2026-1121,Aaron,Williams,2008-10-28,Male,Grade 12,D,williams.aaron@hotmail.com,6853.21,None,82.97,Active
SCH-2026-1122,Kevin,Beck,2010-12-17,Female,Grade 10,D,beck.kevin@hotmail.com,8652.23,None,89.34,Active
SCH-2026-1123,Steven,Martinez,2014-06-06,Female,Grade 6,B,martinez.steven@gmail.com,6633.87,None,96.67,Active
SCH-2026-1124,Mary,Shannon,2017-01-05,Female,Grade 4,C,shannon.mary@hotmail.com,11545.49,Partial (25%),97.06,Active
SCH-2026-1125,Carol,Taylor,2020-10-30,Non-binary,Kindergarten,C,taylor.carol@hotmail.com,3485.11,None,86.44,Active
SCH-2026-1126,Katie,Lewis,2021-02-28,Female,Kindergarten,E,lewis.katie@gmail.com,5080.81,None,98.46,Active
SCH-2026-1127,April,Dixon,2012-06-04,Non-binary,Grade 7,E,dixon.april@hotmail.com,8783.05,Partial (50%),92.22,Active
SCH-2026-1128,Billy,Grant,2019-11-26,Non-binary,Kindergarten,C,grant.billy@hotmail.com,9580.45,None,78.47,On Leave
SCH-2026-1129,Jennifer,Rios,2019-01-19,Female,Grade 2,C,rios.jennifer@gmail.com,9317.04,None,92.51,Active
SCH-2026-1130,Randy,Avila,2013-10-17,Male,Grade 6,E,avila.randy@gmail.com,6205.25,None,84.47,Active
SCH-2026-1131,Taylor,Adams,2011-10-03,Male,Grade 9,E,adams.taylor@gmail.com,10837.79,None,75.08,Withdrawn
SCH-2026-1132,David,Cantrell,2018-01-07,Male,Grade 2,E,cantrell.david@hotmail.com,3498.13,None,91.3,Active
SCH-2026-1133,Eddie,Garrett,2009-06-19,Female,Grade 10,C,garrett.eddie@yahoo.com,9582.45,None,80.32,On Leave
SCH-2026-1134,Tammy,Watson,2008-11-25,Female,Grade 11,C,watson.tammy@yahoo.com,7667.47,None,80.82,On Leave
SCH-2026-1135,Vickie,Fisher,2009-02-26,Male,Grade 12,A,fisher.vickie@yahoo.com,9863.3,Partial (50%),92.89,Active
SCH-2026-1136,Lisa,Gross,2021-05-04,Non-binary,Preschool,B,gross.lisa@yahoo.com,11338.02,None,88.81,Active
SCH-2026-1137,Bonnie,Lewis,2018-05-05,Male,Grade 2,C,lewis.bonnie@yahoo.com,11417.71,None,85.15,Active
SCH-2026-1138,Sally,Sutton,2018-05-21,Female,Grade 2,C,sutton.sally@hotmail.com,5721.68,Full Scholarship,97.88,Active
SCH-2026-1139,Heather,Coleman,2009-03-05,Female,Grade 12,E,coleman.heather@hotmail.com,5222.72,None,96.51,Active
SCH-2026-1140,April,Potter,2018-06-28,Non-binary,Grade 2,C,potter.april@gmail.com,11222.21,None,94.16,Active
SCH-2026-1141,Samuel,Brown,2012-07-18,Male,Grade 7,B,brown.samuel@yahoo.com,7571.15,None,96.71,On Leave
SCH-2026-1142,Tamara,Smith,2011-03-20,Male,Grade 10,D,smith.tamara@gmail.com,10803.2,None,86.43,Active
SCH-2026-1143,Jocelyn,Thompson,2020-04-21,Non-binary,Grade 1,B,thompson.jocelyn@gmail.com,7477.38,Partial (25%),79.72,Active
SCH-2026-1144,Yvonne,Miller,2013-05-16,Non-binary,Grade 7,E,miller.yvonne@yahoo.com,4610.57,None,76.98,Active
SCH-2026-1145,Patrick,Spence,2016-08-30,Female,Grade 4,A,spence.patrick@gmail.com,6330.7,None,77.41,Active
SCH-2026-1146,Stacey,Thompson,2008-01-13,Male,Grade 12,A,thompson.stacey@gmail.com,7072.7,None,76.65,Active
SCH-2026-1147,Ruth,Powell,2014-06-22,Female,Grade 5,E,powell.ruth@yahoo.com,7000.58,Partial (50%),90.58,Active
SCH-2026-1148,James,Mcintosh,2008-08-31,Male,Grade 12,C,mcintosh.james@yahoo.com,5383.08,None,84.51,Withdrawn
SCH-2026-1149,Eric,Miller,2016-10-10,Non-binary,Grade 3,B,miller.eric@hotmail.com,8877.34,Full Scholarship,84.57,Active
SCH-2026-1150,Joel,Jones,2016-03-14,Female,Grade 4,A,jones.joel@gmail.com,9531.06,Partial (50%),78.29,Active
SCH-2026-1151,Stanley,Moon,2009-02-25,Female,Grade 12,C,moon.stanley@gmail.com,3077.16,None,83.31,Active
SCH-2026-1152,Kelly,Horton,2015-04-06,Non-binary,Grade 6,E,horton.kelly@yahoo.com,8308.11,Partial (25%),90.76,On Leave
SCH-2026-1153,Andrea,Baker,2014-09-25,Non-binary,Grade 5,B,baker.andrea@gmail.com,6164.81,Partial (25%),97.84,Active
SCH-2026-1154,Brandi,Peck,2012-07-22,Female,Grade 8,A,peck.brandi@hotmail.com,5423.42,None,90.39,Active
SCH-2026-1155,Laura,Hernandez,2016-01-29,Non-binary,Grade 4,E,hernandez.laura@hotmail.com,11680.95,None,80.43,Active
SCH-2026-1156,Jason,Miller,2018-03-01,Male,Grade 3,C,miller.jason@yahoo.com,7510.36,Partial (25%),86.89,Active
SCH-2026-1157,Casey,Smith,2009-01-17,Male,Grade 11,B,smith.casey@gmail.com,8849.81,None,75.67,Active
SCH-2026-1158,Adam,Patterson,2013-02-10,Female,Grade 7,A,patterson.adam@yahoo.com,10265.71,None,89.53,Active
SCH-2026-1159,Edwin,Miller,2013-09-02,Female,Grade 6,B,miller.edwin@yahoo.com,5014.08,Partial (50%),78.85,Active
SCH-2026-1160,Brent,Morales,2021-09-23,Non-binary,Preschool,B,morales.brent@yahoo.com,10206.89,None,86.75,Active
SCH-2026-1161,Sarah,Moreno,2008-03-25,Male,Grade 12,A,moreno.sarah@yahoo.com,5787.61,Partial (50%),81.58,On Leave
SCH-2026-1162,Kathryn,Flores,2012-06-24,Non-binary,Grade 8,D,flores.kathryn@yahoo.com,5419.21,None,91.32,Active
SCH-2026-1163,Susan,Smith,2013-07-22,Male,Grade 6,D,smith.susan@hotmail.com,8757.93,None,77.01,Active
SCH-2026-1164,Elizabeth,Thompson,2020-11-08,Female,Kindergarten,E,thompson.elizabeth@yahoo.com,8398.96,Partial (50%),90.9,Active
SCH-2026-1165,Tyler,Nguyen,2017-03-27,Male,Grade 4,D,nguyen.tyler@yahoo.com,6576.22,None,94.89,On Leave
SCH-2026-1166,Monica,Lewis,2019-07-02,Male,Kindergarten,E,lewis.monica@hotmail.com,4626.73,None,99.57,Active
SCH-2026-1167,Olivia,Leach,2011-09-08,Non-binary,Grade 8,C,leach.olivia@yahoo.com,11870.45,None,78.1,Active
SCH-2026-1168,Susan,Montgomery,2018-04-07,Non-binary,Grade 2,C,montgomery.susan@gmail.com,4152.58,Partial (50%),84.79,Active
SCH-2026-1169,Brianna,Stark,2015-12-12,Female,Grade 4,E,stark.brianna@hotmail.com,3194.07,None,85.06,Active
SCH-2026-1170,Felicia,Thompson,2014-08-20,Male,Grade 5,C,thompson.felicia@gmail.com,3661.43,Full Scholarship,91.46,Active
SCH-2026-1171,Joshua,Smith,2022-02-16,Male,Preschool,B,smith.joshua@hotmail.com,5929.88,None,97.49,Active
SCH-2026-1172,Rachel,Gonzalez,2012-08-03,Non-binary,Grade 7,B,gonzalez.rachel@hotmail.com,8848.75,None,80.53,Active
SCH-2026-1173,Carol,Simpson,2015-08-13,Non-binary,Grade 4,C,simpson.carol@gmail.com,5070.07,None,80.06,Active
SCH-2026-1174,Susan,Gonzalez,2020-05-02,Female,Preschool,D,gonzalez.susan@yahoo.com,5256.29,Partial (25%),98.61,Active
SCH-2026-1175,David,Scott,2011-12-11,Male,Grade 8,A,scott.david@hotmail.com,10452.14,None,91.19,Active
SCH-2026-1176,Jose,Davenport,2015-02-21,Non-binary,Grade 6,D,davenport.jose@hotmail.com,11763.77,None,84.83,Active
SCH-2026-1177,Ann,Freeman,2010-09-07,Non-binary,Grade 10,B,freeman.ann@hotmail.com,3567.28,None,76.01,Active
SCH-2026-1178,Cindy,Clark,2021-03-10,Non-binary,Preschool,D,clark.cindy@gmail.com,8110.48,None,79.97,Active
SCH-2026-1179,Joshua,Delacruz,2014-10-29,Male,Grade 5,B,delacruz.joshua@hotmail.com,4608.54,Partial (25%),83.47,Active
SCH-2026-1180,Joseph,Hamilton,2019-05-11,Non-binary,Kindergarten,C,hamilton.joseph@gmail.com,4091.02,None,84.91,Active
SCH-2026-1181,Lisa,Morgan,2011-10-18,Female,Grade 9,C,morgan.lisa@gmail.com,7853.11,None,80.68,Active
SCH-2026-1182,Zachary,Allen,2021-12-27,Female,Preschool,D,allen.zachary@gmail.com,11774.49,None,96.6,Active
SCH-2026-1183,Angela,Frey,2009-10-25,Non-binary,Grade 11,A,frey.angela@yahoo.com,5234.8,None,85.84,Active
SCH-2026-1184,Jamie,Murray,2017-11-25,Non-binary,Grade 2,C,murray.jamie@gmail.com,9791.87,Partial (25%),94.93,Active
SCH-2026-1185,Michelle,Rogers,2020-02-02,Non-binary,Kindergarten,B,rogers.michelle@yahoo.com,5021.76,None,86.06,Active
SCH-2026-1186,Jason,Clark,2014-02-13,Female,Grade 7,A,clark.jason@gmail.com,9713.69,None,92.87,Withdrawn
SCH-2026-1187,Cynthia,Jones,2015-10-10,Non-binary,Grade 5,C,jones.cynthia@gmail.com,6928.84,None,96.3,Active
SCH-2026-1188,Lisa,Fitzpatrick,2015-02-14,Female,Grade 6,C,fitzpatrick.lisa@hotmail.com,7987.43,Partial (50%),84.49,Active
SCH-2026-1189,Jose,Solomon,2011-01-19,Female,Grade 10,D,solomon.jose@yahoo.com,11728.16,None,83.33,Active
SCH-2026-1190,Ryan,Leblanc,2022-08-15,Non-binary,Preschool,E,leblanc.ryan@yahoo.com,8686.11,Partial (50%),99.57,Active
SCH-2026-1191,Kelli,Goodman,2015-02-01,Non-binary,Grade 6,D,goodman.kelli@gmail.com,6428.94,None,92.23,Active
SCH-2026-1192,Arthur,Gonzalez,2016-06-17,Male,Grade 3,C,gonzalez.arthur@gmail.com,7249.99,None,75.31,Active
SCH-2026-1193,Gerald,Johnson,2020-01-19,Non-binary,Kindergarten,E,johnson.gerald@yahoo.com,3570.49,None,85.72,Active
SCH-2026-1194,Suzanne,Williams,2016-01-05,Male,Grade 5,A,williams.suzanne@hotmail.com,10982.39,Partial (25%),88.61,Active
SCH-2026-1195,Sandra,Brown,2008-04-30,Male,Grade 11,B,brown.sandra@gmail.com,11097.21,None,97.23,Active
SCH-2026-1196,Krystal,Diaz,2009-11-26,Female,Grade 11,A,diaz.krystal@yahoo.com,8018.29,None,97.24,Active
SCH-2026-1197,Kathryn,Jones,2020-06-29,Male,Kindergarten,B,jones.kathryn@yahoo.com,6452.93,Partial (25%),78.64,Active
SCH-2026-1198,David,Rodriguez,2007-11-08,Non-binary,Grade 12,E,rodriguez.david@yahoo.com,4523.55,None,95.27,Active
SCH-2026-1199,Andrew,Frederick,2018-02-14,Non-binary,Grade 2,D,frederick.andrew@hotmail.com,11856.76,None,95.56,Active
SCH-2026-1200,Dana,Davidson,2009-07-23,Non-binary,Grade 10,D,davidson.dana@yahoo.com,6540.54,None,89.56,Active
SCH-2026-1201,Timothy,Scott,2016-05-11,Female,Grade 3,E,scott.timothy@yahoo.com,11018.72,None,75.04,Active
SCH-2026-1202,Charles,White,2014-02-18,Non-binary,Grade 7,C,white.charles@yahoo.com,4891.78,None,75.64,Active
SCH-2026-1203,Steven,Doyle,2008-02-04,Male,Grade 12,E,doyle.steven@yahoo.com,4468.52,Partial (25%),87.57,Active
SCH-2026-1204,Ashley,Melton,2011-08-09,Female,Grade 9,E,melton.ashley@gmail.com,10364.87,None,80.98,Active
SCH-2026-1205,Ryan,Byrd,2018-07-07,Female,Grade 1,E,byrd.ryan@gmail.com,7885.95,Partial (50%),95.78,Active
SCH-2026-1206,Randy,Wilson,2019-05-31,Female,Kindergarten,A,wilson.randy@gmail.com,8771.25,None,81.82,Active
SCH-2026-1207,Chelsea,Lynn,2013-12-26,Male,Grade 6,C,lynn.chelsea@gmail.com,3318.35,None,82.07,Active
SCH-2026-1208,Marvin,Morgan,2015-09-18,Male,Grade 5,C,morgan.marvin@hotmail.com,9054.87,None,98.83,Active
SCH-2026-1209,Michael,Miller,2021-02-26,Non-binary,Kindergarten,B,miller.michael@gmail.com,3282.59,None,88.52,Active
SCH-2026-1210,Sherry,Harris,2008-07-07,Non-binary,Grade 12,E,harris.sherry@hotmail.com,4979.59,Partial (25%),75.61,Withdrawn
SCH-2026-1211,Linda,Tyler,2011-01-09,Male,Grade 9,E,tyler.linda@hotmail.com,4552.34,Partial (25%),93.24,Active
SCH-2026-1212,Andrea,Olson,2019-10-22,Non-binary,Kindergarten,D,olson.andrea@yahoo.com,8601.0,Partial (25%),99.65,Active
SCH-2026-1213,Angela,Glass,2014-06-12,Non-binary,Grade 5,B,glass.angela@hotmail.com,7113.99,None,98.04,Withdrawn
SCH-2026-1214,Meghan,Floyd,2009-09-04,Non-binary,Grade 10,D,floyd.meghan@hotmail.com,7419.14,None,80.16,Active
SCH-2026-1215,Shawn,Smith,2022-10-21,Male,Preschool,D,smith.shawn@gmail.com,8541.33,None,83.48,Active
SCH-2026-1216,John,Young,2020-10-24,Non-binary,Kindergarten,C,young.john@hotmail.com,9431.01,Partial (50%),78.89,Active
SCH-2026-1217,Jennifer,Lucero,2009-07-24,Female,Grade 10,E,lucero.jennifer@hotmail.com,10832.05,None,92.39,Active
SCH-2026-1218,David,Park,2019-08-19,Male,Kindergarten,E,park.david@gmail.com,7006.32,None,85.44,Active
SCH-2026-1219,Francis,Morris,2022-08-15,Non-binary,Preschool,E,morris.francis@yahoo.com,5688.38,None,84.3,Withdrawn
SCH-2026-1220,Kevin,Smith,2009-04-20,Non-binary,Grade 11,B,smith.kevin@yahoo.com,10240.16,Partial (25%),82.28,Active
SCH-2026-1221,William,Romero,2013-04-30,Non-binary,Grade 6,B,romero.william@yahoo.com,11278.62,Partial (25%),75.91,Active
SCH-2026-1222,Darlene,Martinez,2015-11-24,Male,Grade 5,D,martinez.darlene@hotmail.com,10373.43,None,97.11,Active
SCH-2026-1223,Robert,Valdez,2007-05-16,Female,Grade 12,B,valdez.robert@hotmail.com,3813.45,None,83.21,Active
SCH-2026-1224,John,Cook,2011-10-28,Female,Grade 8,B,cook.john@gmail.com,5878.91,Full Scholarship,90.93,Active
SCH-2026-1225,Joshua,Richardson,2007-12-21,Female,Grade 12,A,richardson.joshua@yahoo.com,3995.83,Partial (50%),81.8,Active
SCH-2026-1226,Gary,Chen,2021-05-22,Male,Preschool,B,chen.gary@gmail.com,5614.46,None,93.75,Active
SCH-2026-1227,William,Chambers,2022-03-31,Non-binary,Preschool,A,chambers.william@hotmail.com,7640.06,Partial (50%),94.61,Active
SCH-2026-1228,Gregory,Evans,2017-05-03,Non-binary,Grade 3,E,evans.gregory@yahoo.com,11750.49,None,95.75,Active
SCH-2026-1229,Marcus,Aguilar,2016-07-09,Female,Grade 4,B,aguilar.marcus@gmail.com,8043.48,None,85.66,Active
SCH-2026-1230,Mary,Simpson,2020-08-26,Male,Kindergarten,D,simpson.mary@hotmail.com,4359.26,None,92.98,Active
SCH-2026-1231,Brian,Howard,2022-03-01,Non-binary,Preschool,E,howard.brian@yahoo.com,8612.22,None,79.25,Active
SCH-2026-1232,Nicole,Erickson,2014-01-09,Non-binary,Grade 6,E,erickson.nicole@hotmail.com,8350.73,None,98.39,Active
SCH-2026-1233,Kyle,Williams,2016-04-17,Female,Grade 4,C,williams.kyle@gmail.com,9970.99,Partial (50%),92.91,Active
SCH-2026-1234,Lorraine,Griffin,2009-04-07,Male,Grade 11,B,griffin.lorraine@gmail.com,11820.54,None,98.02,Active
SCH-2026-1235,Christian,Quinn,2021-02-25,Female,Preschool,B,quinn.christian@hotmail.com,10599.55,None,84.75,Active
SCH-2026-1236,Carol,Miller,2010-04-08,Female,Grade 10,A,miller.carol@yahoo.com,6974.2,None,84.78,Active
SCH-2026-1237,Kevin,Jones,2013-11-29,Non-binary,Grade 6,C,jones.kevin@yahoo.com,8248.08,None,81.69,Active
SCH-2026-1238,Traci,Lewis,2007-06-14,Female,Grade 12,B,lewis.traci@hotmail.com,5433.2,None,83.07,Active
SCH-2026-1239,Kevin,Mills,2011-04-27,Non-binary,Grade 10,A,mills.kevin@hotmail.com,5508.14,None,85.33,Active
SCH-2026-1240,Antonio,Clark,2011-05-28,Male,Grade 8,E,clark.antonio@gmail.com,5436.95,None,75.85,Active
SCH-2026-1241,Scott,Powell,2019-02-20,Female,Grade 1,E,powell.scott@gmail.com,9382.54,Partial (25%),94.37,Active
SCH-2026-1242,Barbara,Chan,2012-11-05,Male,Grade 8,E,chan.barbara@hotmail.com,9864.27,None,85.99,Active
SCH-2026-1243,Douglas,Hinton,2015-01-22,Female,Grade 5,B,hinton.douglas@yahoo.com,5331.74,Partial (25%),86.65,Active
SCH-2026-1244,Yvette,Miranda,2010-07-22,Non-binary,Grade 10,D,miranda.yvette@hotmail.com,9027.21,None,79.44,Active
SCH-2026-1245,Alexis,Johnson,2021-09-29,Male,Preschool,B,johnson.alexis@yahoo.com,10580.68,None,78.6,Active
SCH-2026-1246,Timothy,Parker,2013-05-24,Female,Grade 7,A,parker.timothy@yahoo.com,6871.6,Full Scholarship,79.89,Active
SCH-2026-1247,Joseph,Shepherd,2011-01-02,Female,Grade 10,E,shepherd.joseph@hotmail.com,4091.71,None,99.59,Active
SCH-2026-1248,Joan,Ortiz,2018-06-29,Non-binary,Grade 1,B,ortiz.joan@gmail.com,9038.41,None,96.71,Active
SCH-2026-1249,Kelly,Bradford,2013-03-31,Male,Grade 7,E,bradford.kelly@hotmail.com,3951.96,None,97.26,Active
SCH-2026-1250,Kaitlyn,Cisneros,2015-02-13,Female,Grade 6,C,cisneros.kaitlyn@hotmail.com,4484.93,None,91.63,Active
SCH-2026-1251,Jillian,Shields,2017-04-13,Female,Grade 3,D,shields.jillian@yahoo.com,9366.21,Partial (25%),98.18,Active
SCH-2026-1252,Adrienne,Williams,2009-01-27,Non-binary,Grade 11,A,williams.adrienne@yahoo.com,3789.85,None,83.36,Active
SCH-2026-1253,Robert,Huang,2008-09-02,Non-binary,Grade 12,B,huang.robert@yahoo.com,8626.84,None,97.93,Active
SCH-2026-1254,Brandi,Santos,2010-10-06,Non-binary,Grade 9,E,santos.brandi@yahoo.com,3406.82,None,82.55,Active
SCH-2026-1255,Robin,Williams,2018-09-03,Male,Grade 1,A,williams.robin@yahoo.com,4422.88,None,90.51,Active
SCH-2026-1256,Lisa,Jackson,2012-08-03,Non-binary,Grade 8,B,jackson.lisa@yahoo.com,3885.95,None,92.77,Active
SCH-2026-1257,Tracey,Lewis,2007-11-25,Non-binary,Grade 12,A,lewis.tracey@gmail.com,3344.5,None,94.13,Active
SCH-2026-1258,Alison,Green,2016-10-21,Female,Grade 4,A,green.alison@gmail.com,10927.1,Full Scholarship,87.6,Active
SCH-2026-1259,Cheyenne,Miller,2008-09-26,Male,Grade 11,E,miller.cheyenne@hotmail.com,3163.76,None,88.66,Active
SCH-2026-1260,Margaret,Leonard,2008-03-01,Non-binary,Grade 12,E,leonard.margaret@hotmail.com,11597.21,Partial (50%),98.84,Active
SCH-2026-1261,Jennifer,Stout,2012-02-25,Female,Grade 9,C,stout.jennifer@hotmail.com,4428.38,Partial (50%),83.46,Active
SCH-2026-1262,Matthew,Richardson,2012-05-05,Male,Grade 8,B,richardson.matthew@gmail.com,11354.2,None,75.65,Active
SCH-2026-1263,Carlos,Young,2016-10-28,Non-binary,Grade 4,E,young.carlos@gmail.com,5991.38,None,99.98,Active
SCH-2026-1264,Tina,Guzman,2016-06-12,Male,Grade 3,A,guzman.tina@hotmail.com,3830.75,Partial (25%),89.34,Active
SCH-2026-1265,David,Salazar,2015-02-15,Female,Grade 6,D,salazar.david@gmail.com,4585.74,None,91.93,Active
SCH-2026-1266,Mary,Fuller,2012-04-08,Male,Grade 9,C,fuller.mary@hotmail.com,4175.15,None,89.91,Active
SCH-2026-1267,Krystal,Diaz,2015-04-30,Female,Grade 5,A,diaz.krystal@yahoo.com,10498.07,None,88.56,Active
SCH-2026-1268,Paige,Jones,2007-07-30,Non-binary,Grade 12,B,jones.paige@hotmail.com,4378.46,Partial (25%),98.29,Withdrawn
SCH-2026-1269,Sherry,Davis,2011-06-17,Female,Grade 8,B,davis.sherry@hotmail.com,9482.39,Full Scholarship,95.93,Active
SCH-2026-1270,Samantha,Nichols,2012-11-27,Male,Grade 7,C,nichols.samantha@gmail.com,8905.59,None,82.15,Active
SCH-2026-1271,Ryan,Price,2009-11-26,Female,Grade 10,C,price.ryan@gmail.com,8723.01,None,75.31,Active
SCH-2026-1272,Matthew,Miller,2016-11-24,Non-binary,Grade 3,A,miller.matthew@yahoo.com,7288.15,None,79.75,On Leave
SCH-2026-1273,Sabrina,Thomas,2021-01-12,Male,Kindergarten,B,thomas.sabrina@hotmail.com,4752.88,None,91.27,Active
SCH-2026-1274,Jeff,Diaz,2011-08-26,Female,Grade 9,D,diaz.jeff@yahoo.com,5037.94,Partial (50%),76.18,Active
SCH-2026-1275,Robert,Morris,2013-10-20,Male,Grade 6,C,morris.robert@gmail.com,10400.28,Partial (25%),75.65,Active
SCH-2026-1276,Krista,Friedman,2010-03-05,Female,Grade 10,A,friedman.krista@yahoo.com,5446.7,Partial (25%),76.33,Active
SCH-2026-1277,Laura,Jones,2020-01-14,Female,Kindergarten,E,jones.laura@yahoo.com,6775.28,None,95.33,Active
SCH-2026-1278,Jeffrey,Meyer,2017-03-20,Female,Grade 3,B,meyer.jeffrey@yahoo.com,5940.34,None,86.91,Active
SCH-2026-1279,Alicia,Arias,2018-07-07,Female,Grade 2,B,arias.alicia@hotmail.com,10973.58,None,77.33,Active
SCH-2026-1280,Toni,Shah,2016-10-26,Female,Grade 4,B,shah.toni@gmail.com,7818.94,None,75.58,Active
SCH-2026-1281,William,Turner,2018-07-05,Female,Grade 2,B,turner.william@hotmail.com,6841.78,Full Scholarship,96.43,Active
SCH-2026-1282,Michelle,Lane,2020-02-06,Male,Grade 1,D,lane.michelle@hotmail.com,5638.38,None,91.81,Active
SCH-2026-1283,Jodi,Chang,2012-08-26,Male,Grade 8,A,chang.jodi@yahoo.com,8156.97,None,79.11,Active
SCH-2026-1284,Stacey,Walker,2013-03-09,Female,Grade 8,A,walker.stacey@gmail.com,9216.85,None,83.28,Active
SCH-2026-1285,Beth,Mercer,2017-07-05,Non-binary,Grade 3,A,mercer.beth@gmail.com,6912.51,None,81.19,Active
SCH-2026-1286,Brianna,Sanchez,2015-10-02,Female,Grade 4,A,sanchez.brianna@gmail.com,6584.72,None,97.01,Active
SCH-2026-1287,Nicole,Roberts,2012-04-05,Female,Grade 9,E,roberts.nicole@hotmail.com,4793.49,Partial (25%),75.61,Active
SCH-2026-1288,Micheal,Sanchez,2021-06-19,Female,Preschool,A,sanchez.micheal@gmail.com,11963.09,None,78.03,Active
SCH-2026-1289,Kathy,Fisher,2013-04-04,Non-binary,Grade 8,B,fisher.kathy@gmail.com,6855.36,None,90.45,Active
SCH-2026-1290,Dustin,Myers,2010-09-13,Male,Grade 10,A,myers.dustin@gmail.com,10902.29,None,98.68,Active
SCH-2026-1291,Ronald,Peters,2014-06-13,Non-binary,Grade 5,B,peters.ronald@yahoo.com,7436.6,None,80.13,Active
SCH-2026-1292,Penny,Wilson,2012-02-09,Non-binary,Grade 9,B,wilson.penny@gmail.com,11666.52,Partial (25%),96.59,Active
SCH-2026-1293,Mary,Dixon,2016-11-07,Non-binary,Grade 4,B,dixon.mary@hotmail.com,5290.32,None,87.61,Active
SCH-2026-1294,Ian,Castillo,2018-03-16,Female,Grade 2,C,castillo.ian@hotmail.com,9778.86,Partial (25%),83.04,Active
SCH-2026-1295,Melissa,Evans,2019-06-10,Male,Grade 1,E,evans.melissa@hotmail.com,4474.57,None,80.22,Active
SCH-2026-1296,Tyler,Price,2016-03-15,Male,Grade 5,A,price.tyler@gmail.com,11633.42,None,78.2,Active
SCH-2026-1297,Robert,Edwards,2008-02-23,Non-binary,Grade 12,D,edwards.robert@yahoo.com,6058.68,Full Scholarship,87.05,Active
SCH-2026-1298,Janet,Madden,2013-09-21,Female,Grade 7,D,madden.janet@yahoo.com,10812.76,None,91.43,Active
SCH-2026-1299,Erin,Nelson,2015-03-19,Non-binary,Grade 5,E,nelson.erin@gmail.com,10160.31,None,92.66,Active
SCH-2026-1300,Margaret,Watkins,2014-03-08,Non-binary,Grade 6,C,watkins.margaret@yahoo.com,3977.07,Partial (50%),89.25,Active
SCH-2026-1301,Samantha,Scott,2015-06-29,Male,Grade 4,A,scott.samantha@gmail.com,10574.93,None,93.85,Active
SCH-2026-1302,Barbara,Jackson,2020-03-05,Non-binary,Kindergarten,C,jackson.barbara@hotmail.com,9963.81,Partial (25%),75.02,Active
SCH-2026-1303,David,Hale,2013-01-25,Male,Grade 8,E,hale.david@hotmail.com,3447.21,None,83.37,Active
SCH-2026-1304,Courtney,Williams,2011-01-03,Female,Grade 10,C,williams.courtney@gmail.com,5243.94,None,95.67,Active
SCH-2026-1305,Michele,Osborn,2021-01-18,Male,Preschool,A,osborn.michele@hotmail.com,9303.12,None,76.66,Active
SCH-2026-1306,Preston,Oconnor,2015-09-03,Non-binary,Grade 4,E,oconnor.preston@yahoo.com,9449.82,Partial (50%),78.32,Active
SCH-2026-1307,Amber,Ellis,2007-07-30,Female,Grade 12,E,ellis.amber@yahoo.com,7261.69,None,78.96,Active
SCH-2026-1308,Kaitlyn,Francis,2015-03-11,Non-binary,Grade 5,C,francis.kaitlyn@hotmail.com,7490.57,Partial (25%),95.7,Withdrawn
SCH-2026-1309,Julie,Jones,2021-02-12,Non-binary,Kindergarten,D,jones.julie@yahoo.com,5732.58,None,82.16,Active
SCH-2026-1310,Jordan,Moore,2012-08-22,Non-binary,Grade 7,C,moore.jordan@gmail.com,9873.51,None,80.45,Active
SCH-2026-1311,Michelle,Barrett,2013-03-21,Male,Grade 8,D,barrett.michelle@hotmail.com,5592.22,None,77.25,Active
SCH-2026-1312,Anthony,Jacobs,2019-12-26,Male,Kindergarten,C,jacobs.anthony@gmail.com,7481.69,None,89.69,Active
SCH-2026-1313,Ashley,Nguyen,2016-09-30,Non-binary,Grade 4,D,nguyen.ashley@yahoo.com,4559.23,None,80.24,Active
SCH-2026-1314,George,Davis,2009-01-11,Non-binary,Grade 11,B,davis.george@gmail.com,10250.42,Partial (25%),91.44,Active
SCH-2026-1315,Patricia,Wilson,2011-12-18,Male,Grade 9,C,wilson.patricia@hotmail.com,7173.48,Full Scholarship,96.92,Active
SCH-2026-1316,Michelle,Lyons,2021-02-03,Female,Kindergarten,B,lyons.michelle@yahoo.com,11187.92,None,99.04,Active
SCH-2026-1317,Jacob,Williams,2016-02-19,Non-binary,Grade 4,E,williams.jacob@yahoo.com,7939.44,None,92.53,Active
SCH-2026-1318,Alexander,Oneill,2013-12-15,Non-binary,Grade 6,C,oneill.alexander@gmail.com,5073.12,None,81.38,Active
SCH-2026-1319,Stephanie,Martinez,2017-10-18,Female,Grade 2,E,martinez.stephanie@hotmail.com,4619.36,Partial (50%),89.72,Active
SCH-2026-1320,Bryan,Walker,2017-06-21,Male,Grade 3,C,walker.bryan@yahoo.com,3690.22,None,85.76,Active
SCH-2026-1321,Samuel,Martin,2009-04-21,Female,Grade 11,A,martin.samuel@gmail.com,9912.57,Full Scholarship,81.44,Active
SCH-2026-1322,Anna,Arroyo,2012-11-09,Non-binary,Grade 8,C,arroyo.anna@yahoo.com,4396.31,Partial (50%),99.82,Active
SCH-2026-1323,Molly,Alexander,2014-06-11,Female,Grade 5,E,alexander.molly@hotmail.com,3511.21,Partial (25%),89.03,Active
SCH-2026-1324,Timothy,Martinez,2014-02-10,Male,Grade 7,B,martinez.timothy@hotmail.com,10674.73,None,87.29,Active
SCH-2026-1325,Patricia,Martinez,2012-10-16,Male,Grade 8,B,martinez.patricia@hotmail.com,11768.01,Partial (50%),96.75,Active
SCH-2026-1326,Laura,Zuniga,2018-01-27,Non-binary,Grade 2,E,zuniga.laura@gmail.com,11051.21,None,80.64,Active
SCH-2026-1327,Mary,Perez,2011-01-16,Female,Grade 10,D,perez.mary@hotmail.com,5232.19,None,76.79,Active
SCH-2026-1328,Joseph,Russell,2012-09-19,Female,Grade 8,C,russell.joseph@hotmail.com,6888.13,None,75.85,Active
SCH-2026-1329,Edward,Henderson,2009-11-26,Female,Grade 10,B,henderson.edward@yahoo.com,7158.88,Partial (25%),85.6,Active
SCH-2026-1330,Ricky,Young,2007-06-25,Female,Grade 12,D,young.ricky@hotmail.com,4638.56,None,84.27,Active
SCH-2026-1331,Sergio,Kelly,2015-07-04,Female,Grade 4,C,kelly.sergio@hotmail.com,4707.25,Partial (50%),88.93,Active
SCH-2026-1332,David,Cantrell,2008-07-15,Non-binary,Grade 11,E,cantrell.david@yahoo.com,6110.89,Partial (25%),75.77,Active
SCH-2026-1333,Jeffrey,Taylor,2021-03-16,Non-binary,Preschool,C,taylor.jeffrey@gmail.com,7939.33,Full Scholarship,86.68,Active
SCH-2026-1334,Daniel,Baldwin,2019-08-25,Male,Kindergarten,B,baldwin.daniel@yahoo.com,8750.87,None,87.37,Active
SCH-2026-1335,Kelly,Brown,2021-10-02,Female,Preschool,D,brown.kelly@yahoo.com,5837.61,Full Scholarship,95.99,Active
SCH-2026-1336,Jared,Harvey,2008-06-06,Non-binary,Grade 12,E,harvey.jared@hotmail.com,4577.41,None,99.39,Active
SCH-2026-1337,Nicole,Krause,2017-03-09,Male,Grade 3,D,krause.nicole@gmail.com,6177.86,None,93.44,Active
SCH-2026-1338,Kevin,Miller,2016-07-30,Non-binary,Grade 3,E,miller.kevin@yahoo.com,3309.62,Full Scholarship,88.94,Active
SCH-2026-1339,Jeremiah,Rodriguez,2017-01-06,Female,Grade 4,E,rodriguez.jeremiah@gmail.com,8292.06,None,91.94,Active
SCH-2026-1340,Laura,Miller,2011-04-16,Male,Grade 10,C,miller.laura@gmail.com,3760.33,None,79.36,Active
SCH-2026-1341,Christina,Wiggins,2014-11-02,Male,Grade 5,C,wiggins.christina@yahoo.com,7053.44,None,99.86,Active
SCH-2026-1342,Oscar,Glenn,2021-03-08,Non-binary,Kindergarten,B,glenn.oscar@gmail.com,11904.34,None,89.03,Active
SCH-2026-1343,John,Pena,2017-03-11,Male,Grade 4,A,pena.john@hotmail.com,9378.15,None,81.68,Active
SCH-2026-1344,Kelsey,Berry,2020-04-16,Male,Kindergarten,B,berry.kelsey@hotmail.com,10064.5,None,99.65,Active
SCH-2026-1345,Sharon,Parker,2015-03-02,Male,Grade 6,E,parker.sharon@hotmail.com,4273.51,None,96.97,Withdrawn
SCH-2026-1346,Joanne,Rivera,2014-06-21,Non-binary,Grade 6,A,rivera.joanne@gmail.com,9248.5,None,91.62,Active
SCH-2026-1347,Erik,Chapman,2015-07-20,Female,Grade 5,E,chapman.erik@yahoo.com,9821.55,None,99.72,Active
SCH-2026-1348,Adriana,Powell,2007-12-01,Male,Grade 12,D,powell.adriana@hotmail.com,4528.87,None,76.73,Active
SCH-2026-1349,Samantha,Costa,2018-01-19,Female,Grade 2,D,costa.samantha@gmail.com,10353.49,None,78.06,Active
SCH-2026-1350,Amy,Collins,2020-07-09,Female,Kindergarten,A,collins.amy@hotmail.com,3203.01,Partial (50%),86.62,Active
SCH-2026-1351,Steven,Briggs,2016-04-07,Male,Grade 5,E,briggs.steven@hotmail.com,9995.19,None,77.13,Active
SCH-2026-1352,Sabrina,Howard,2011-12-23,Female,Grade 9,A,howard.sabrina@hotmail.com,9410.93,Partial (50%),96.04,Active
SCH-2026-1353,Pamela,Shields,2014-11-13,Male,Grade 6,E,shields.pamela@yahoo.com,10785.96,Partial (50%),79.59,Active
SCH-2026-1354,Stacy,Jackson,2015-11-04,Male,Grade 5,D,jackson.stacy@gmail.com,7085.27,Partial (25%),90.8,Active
SCH-2026-1355,Diane,Kerr,2013-01-04,Male,Grade 7,C,kerr.diane@yahoo.com,5103.01,Partial (50%),82.83,Active
SCH-2026-1356,Zachary,Smith,2015-01-05,Female,Grade 6,B,smith.zachary@hotmail.com,7877.23,None,82.55,Active
SCH-2026-1357,Hannah,Mayer,2014-10-03,Female,Grade 6,C,mayer.hannah@gmail.com,4289.4,None,98.34,Active
SCH-2026-1358,Katherine,Robinson,2013-08-28,Female,Grade 7,D,robinson.katherine@gmail.com,5300.87,Partial (25%),89.59,Withdrawn
SCH-2026-1359,Kenneth,Blake,2020-02-11,Male,Kindergarten,D,blake.kenneth@yahoo.com,7309.01,None,85.05,Active
SCH-2026-1360,Dustin,Mcneil,2010-04-16,Male,Grade 10,D,mcneil.dustin@yahoo.com,4397.03,None,82.28,Active
SCH-2026-1361,Susan,Robinson,2019-03-23,Non-binary,Grade 2,D,robinson.susan@yahoo.com,10573.98,Full Scholarship,96.25,Active
SCH-2026-1362,Olivia,Bell,2012-02-13,Male,Grade 8,C,bell.olivia@hotmail.com,9486.47,None,91.78,Active
SCH-2026-1363,Amy,Stout,2014-07-27,Female,Grade 5,E,stout.amy@gmail.com,9766.25,None,77.68,Active
SCH-2026-1364,James,Petty,2018-12-20,Male,Grade 1,A,petty.james@gmail.com,9846.73,None,95.18,Active
SCH-2026-1365,Stephanie,Brooks,2013-09-16,Male,Grade 7,A,brooks.stephanie@gmail.com,10884.6,None,94.31,Active
SCH-2026-1366,Jennifer,Turner,2014-11-26,Female,Grade 6,B,turner.jennifer@yahoo.com,4802.32,Partial (25%),92.66,Active
SCH-2026-1367,Derrick,Doyle,2017-03-23,Non-binary,Grade 3,A,doyle.derrick@yahoo.com,5693.16,None,81.43,Active
SCH-2026-1368,Mark,Tate,2021-02-28,Non-binary,Kindergarten,B,tate.mark@hotmail.com,6671.46,None,93.01,Active
SCH-2026-1369,Barbara,Hoover,2016-09-03,Female,Grade 4,B,hoover.barbara@yahoo.com,5400.55,Partial (50%),93.46,Active
SCH-2026-1370,Melissa,Griffin,2011-10-18,Non-binary,Grade 9,C,griffin.melissa@yahoo.com,5085.2,None,78.59,Withdrawn
SCH-2026-1371,Amanda,Young,2012-12-21,Female,Grade 8,A,young.amanda@gmail.com,9057.03,Partial (25%),88.66,Active
SCH-2026-1372,Courtney,Dyer,2008-10-31,Male,Grade 12,A,dyer.courtney@yahoo.com,6515.04,None,96.66,Active
SCH-2026-1373,Charles,Perez,2012-03-22,Female,Grade 8,B,perez.charles@hotmail.com,5710.1,None,94.66,Active
SCH-2026-1374,Joseph,Myers,2015-11-16,Female,Grade 5,B,myers.joseph@yahoo.com,9266.04,None,96.85,Active
SCH-2026-1375,Brent,Pierce,2011-07-12,Male,Grade 9,C,pierce.brent@hotmail.com,4051.58,None,87.1,Active
SCH-2026-1376,Tammy,Davis,2010-05-04,Non-binary,Grade 9,E,davis.tammy@yahoo.com,9835.38,None,75.21,Active
SCH-2026-1377,Savannah,Freeman,2012-07-31,Male,Grade 7,E,freeman.savannah@hotmail.com,7817.28,Partial (25%),99.75,Active
SCH-2026-1378,Chloe,Stevens,2017-01-30,Male,Grade 4,C,stevens.chloe@yahoo.com,5039.51,Partial (50%),78.54,Active
SCH-2026-1379,Christy,Singleton,2009-07-29,Male,Grade 10,D,singleton.christy@hotmail.com,3414.24,None,82.92,Active
SCH-2026-1380,Justin,Perry,2009-09-13,Non-binary,Grade 11,B,perry.justin@yahoo.com,9555.5,None,78.96,Active
SCH-2026-1381,Diana,Wilson,2014-11-09,Female,Grade 5,A,wilson.diana@hotmail.com,3884.63,None,87.81,Active
SCH-2026-1382,Thomas,Mullins,2016-02-14,Male,Grade 5,E,mullins.thomas@gmail.com,9164.63,None,79.57,Active
SCH-2026-1383,Thomas,Carey,2019-09-13,Non-binary,Grade 1,B,carey.thomas@yahoo.com,3987.8,Partial (25%),75.57,Active
SCH-2026-1384,Jeffrey,Williams,2013-07-21,Non-binary,Grade 6,A,williams.jeffrey@gmail.com,3182.12,None,86.24,Active
SCH-2026-1385,Cheryl,Harris,2014-09-19,Non-binary,Grade 6,D,harris.cheryl@yahoo.com,5146.93,Partial (25%),81.51,Active
SCH-2026-1386,Lauren,Morgan,2017-03-21,Female,Grade 3,B,morgan.lauren@hotmail.com,10404.94,None,99.63,Active
SCH-2026-1387,Cody,Johnson,2012-05-06,Female,Grade 7,D,johnson.cody@hotmail.com,6057.59,None,79.04,Active
SCH-2026-1388,Kristin,Morse,2012-04-09,Non-binary,Grade 9,E,morse.kristin@gmail.com,8434.04,None,81.82,Active
SCH-2026-1389,Richard,Williams,2020-02-08,Non-binary,Kindergarten,A,williams.richard@gmail.com,6010.56,None,75.07,Active
SCH-2026-1390,Stephen,Rose,2014-11-29,Female,Grade 5,A,rose.stephen@hotmail.com,9847.2,None,95.79,Active
SCH-2026-1391,Mark,Wilson,2017-02-08,Female,Grade 3,C,wilson.mark@yahoo.com,3971.18,None,79.78,Active
SCH-2026-1392,Reginald,Morgan,2016-08-22,Female,Grade 3,B,morgan.reginald@yahoo.com,9570.28,Partial (50%),90.22,Active
SCH-2026-1393,Jill,Elliott,2010-12-18,Female,Grade 9,A,elliott.jill@yahoo.com,3245.18,None,92.87,Active
SCH-2026-1394,Jennifer,Garza,2015-05-20,Female,Grade 4,E,garza.jennifer@gmail.com,8578.48,None,93.35,Active
SCH-2026-1395,John,Ball,2009-10-28,Male,Grade 11,D,ball.john@hotmail.com,3170.82,None,88.67,Active
SCH-2026-1396,Allison,Fletcher,2011-05-27,Female,Grade 8,B,fletcher.allison@gmail.com,3121.58,Partial (50%),98.7,Active
SCH-2026-1397,Jessica,Morris,2010-09-10,Male,Grade 9,A,morris.jessica@gmail.com,9516.26,None,86.27,Active
SCH-2026-1398,Lawrence,Walsh,2020-02-24,Female,Kindergarten,D,walsh.lawrence@yahoo.com,6828.13,Full Scholarship,90.35,Active
SCH-2026-1399,Edward,Williams,2017-11-10,Female,Grade 3,E,williams.edward@yahoo.com,7005.74,None,76.94,Active
SCH-2026-1400,Michael,Escobar,2007-10-09,Non-binary,Grade 12,B,escobar.michael@gmail.com,5802.42,Partial (25%),91.98,Active
SCH-2026-1401,Joshua,Jackson,2023-03-12,Non-binary,Preschool,E,jackson.joshua@hotmail.com,5223.82,None,94.31,Active
SCH-2026-1402,Steven,Mcdaniel,2015-05-25,Male,Grade 5,A,mcdaniel.steven@gmail.com,9217.26,None,91.79,Active
SCH-2026-1403,Heather,Jones,2018-02-03,Female,Grade 2,E,jones.heather@yahoo.com,7234.31,None,98.03,Active
SCH-2026-1404,Christopher,Chapman,2008-12-07,Male,Grade 11,D,chapman.christopher@yahoo.com,11528.46,None,80.04,Active
SCH-2026-1405,Brian,Howard,2014-02-02,Non-binary,Grade 6,B,howard.brian@hotmail.com,7440.79,None,96.17,Active
SCH-2026-1406,Michael,Cummings,2019-05-27,Male,Grade 1,A,cummings.michael@hotmail.com,4713.92,None,92.3,Active
SCH-2026-1407,Scott,Brown,2013-04-12,Non-binary,Grade 8,E,brown.scott@hotmail.com,4867.6,None,93.12,Active
SCH-2026-1408,Logan,Hampton,2012-01-22,Non-binary,Grade 8,A,hampton.logan@gmail.com,7181.47,None,75.53,Active
SCH-2026-1409,Melissa,Hall,2017-09-23,Female,Grade 2,E,hall.melissa@gmail.com,3398.29,None,84.81,Active
SCH-2026-1410,Jessica,Haynes,2017-06-02,Female,Grade 2,D,haynes.jessica@hotmail.com,5664.04,None,89.12,Active
SCH-2026-1411,Bradley,Robinson,2012-01-14,Male,Grade 9,C,robinson.bradley@hotmail.com,4690.16,Partial (50%),99.86,Active
SCH-2026-1412,Christopher,Stewart,2016-10-21,Female,Grade 3,C,stewart.christopher@yahoo.com,10524.9,Partial (50%),91.46,Active
SCH-2026-1413,Victoria,Morrison,2013-05-31,Female,Grade 6,E,morrison.victoria@gmail.com,5418.8,None,85.19,Active
SCH-2026-1414,Caroline,Reyes,2020-01-15,Female,Kindergarten,A,reyes.caroline@yahoo.com,11534.09,Partial (25%),90.82,Active
SCH-2026-1415,Jeffrey,Kane,2019-09-08,Female,Grade 1,D,kane.jeffrey@yahoo.com,8497.78,Partial (25%),82.01,Active
SCH-2026-1416,John,Fernandez,2016-08-30,Female,Grade 3,D,fernandez.john@yahoo.com,8313.79,Partial (25%),99.79,Active
SCH-2026-1417,Amanda,Lynn,2011-02-25,Male,Grade 10,A,lynn.amanda@hotmail.com,6333.77,None,88.8,Active
SCH-2026-1418,Jason,Russell,2017-05-05,Female,Grade 3,A,russell.jason@hotmail.com,10613.48,None,94.0,On Leave
SCH-2026-1419,Louis,Chen,2014-12-03,Female,Grade 5,E,chen.louis@gmail.com,3147.4,None,87.2,Active
SCH-2026-1420,Monica,Petersen,2016-09-21,Female,Grade 3,E,petersen.monica@hotmail.com,4658.77,None,82.89,Active
SCH-2026-1421,Aaron,Cruz,2021-12-15,Non-binary,Preschool,B,cruz.aaron@yahoo.com,3769.73,None,89.29,Active
SCH-2026-1422,Mary,Oneill,2014-09-07,Female,Grade 5,E,oneill.mary@gmail.com,4832.25,Full Scholarship,75.62,Active
SCH-2026-1423,Brandy,Webb,2018-09-09,Male,Grade 2,D,webb.brandy@yahoo.com,8937.79,None,75.24,Active
SCH-2026-1424,Mary,Moran,2011-04-27,Non-binary,Grade 9,D,moran.mary@gmail.com,3261.41,None,93.85,Active
SCH-2026-1425,Julia,Collins,2020-05-11,Male,Kindergarten,B,collins.julia@gmail.com,11183.02,None,76.91,Active
SCH-2026-1426,Dawn,Barron,2018-08-19,Female,Grade 2,E,barron.dawn@hotmail.com,5007.67,None,88.11,Active
SCH-2026-1427,Kristy,Costa,2009-05-14,Male,Grade 10,A,costa.kristy@gmail.com,4872.56,None,83.93,Active
SCH-2026-1428,Mary,Buckley,2017-02-11,Non-binary,Grade 3,C,buckley.mary@gmail.com,8849.21,None,88.63,Active
SCH-2026-1429,Jack,Robbins,2011-12-19,Non-binary,Grade 8,D,robbins.jack@hotmail.com,8095.15,Partial (25%),81.55,Active
SCH-2026-1430,Kyle,Orozco,2014-10-05,Non-binary,Grade 5,A,orozco.kyle@yahoo.com,5754.76,Full Scholarship,86.84,Active
SCH-2026-1431,Cindy,Nichols,2011-07-26,Male,Grade 8,A,nichols.cindy@hotmail.com,7134.7,Partial (25%),78.37,Active
SCH-2026-1432,Amber,Logan,2020-06-23,Non-binary,Kindergarten,B,logan.amber@hotmail.com,4266.21,None,79.67,Active
SCH-2026-1433,Ashley,Ross,2015-06-08,Male,Grade 4,E,ross.ashley@gmail.com,3238.82,None,93.48,Active
SCH-2026-1434,William,Yang,2012-06-07,Non-binary,Grade 8,B,yang.william@gmail.com,5019.54,None,75.48,Withdrawn
SCH-2026-1435,Gabrielle,Thomas,2017-01-23,Non-binary,Grade 3,B,thomas.gabrielle@yahoo.com,11164.15,None,98.81,Active
SCH-2026-1436,Erika,Morales,2009-10-16,Female,Grade 11,B,morales.erika@hotmail.com,7362.05,None,83.17,Active
SCH-2026-1437,Andrea,Whitehead,2017-05-12,Female,Grade 2,A,whitehead.andrea@yahoo.com,8641.36,None,88.41,Active
SCH-2026-1438,Matthew,Ryan,2022-10-20,Female,Preschool,A,ryan.matthew@gmail.com,9909.79,None,83.26,Active
SCH-2026-1439,Brittany,Rios,2020-01-28,Female,Grade 1,A,rios.brittany@yahoo.com,9382.46,Partial (25%),91.04,Active
SCH-2026-1440,Steven,Reid,2015-12-05,Female,Grade 4,D,reid.steven@hotmail.com,4859.56,Partial (50%),94.08,Active
SCH-2026-1441,Meredith,Owen,2012-05-02,Non-binary,Grade 8,B,owen.meredith@gmail.com,3295.54,Full Scholarship,92.29,Active
SCH-2026-1442,Amy,Dawson,2015-04-09,Male,Grade 6,C,dawson.amy@gmail.com,10349.79,Partial (25%),81.49,Withdrawn
SCH-2026-1443,Michael,Schultz,2017-12-18,Non-binary,Grade 3,D,schultz.michael@hotmail.com,6594.36,None,87.55,Active
SCH-2026-1444,Charles,Brown,2020-03-25,Male,Kindergarten,E,brown.charles@gmail.com,6216.96,None,89.17,Withdrawn
SCH-2026-1445,Julia,Munoz,2010-10-27,Non-binary,Grade 9,D,munoz.julia@gmail.com,3948.81,Partial (25%),76.7,Active
SCH-2026-1446,Jonathan,Winters,2019-11-14,Female,Kindergarten,D,winters.jonathan@gmail.com,3027.47,None,85.23,Active
SCH-2026-1447,Kevin,Dominguez,2016-06-23,Female,Grade 4,E,dominguez.kevin@hotmail.com,7834.66,None,87.88,Active
SCH-2026-1448,Benjamin,Banks,2011-02-06,Non-binary,Grade 9,A,banks.benjamin@gmail.com,6433.52,None,84.3,Active
SCH-2026-1449,Daniel,Sanchez,2018-06-07,Male,Grade 1,B,sanchez.daniel@gmail.com,8861.81,None,89.31,Active
SCH-2026-1450,Leslie,Bailey,2014-08-20,Female,Grade 5,A,bailey.leslie@hotmail.com,4388.4,Partial (50%),98.85,Active
SCH-2026-1451,John,Taylor,2015-07-23,Male,Grade 4,B,taylor.john@yahoo.com,8179.32,None,94.49,Active
SCH-2026-1452,Daryl,Boyd,2017-11-14,Male,Grade 3,D,boyd.daryl@hotmail.com,8245.6,None,79.94,Active
SCH-2026-1453,Eric,Pierce,2019-01-12,Female,Grade 1,E,pierce.eric@yahoo.com,10706.29,Partial (50%),82.63,Withdrawn
SCH-2026-1454,Ann,Singh,2021-06-14,Female,Preschool,C,singh.ann@gmail.com,9854.95,None,87.75,Active
SCH-2026-1455,Jason,Andrews,2021-07-01,Female,Preschool,B,andrews.jason@hotmail.com,8513.08,None,79.1,Active
SCH-2026-1456,Jeffrey,Mitchell,2009-03-14,Female,Grade 12,D,mitchell.jeffrey@gmail.com,3816.72,None,78.82,Withdrawn
SCH-2026-1457,Joseph,Gordon,2012-01-18,Female,Grade 8,D,gordon.joseph@hotmail.com,11837.16,None,86.83,Active
SCH-2026-1458,Daniel,Nixon,2012-07-07,Female,Grade 8,B,nixon.daniel@yahoo.com,9906.99,None,84.51,Active
SCH-2026-1459,Thomas,Nelson,2013-11-21,Male,Grade 7,E,nelson.thomas@gmail.com,6372.58,None,84.71,Active
SCH-2026-1460,Ryan,Villanueva,2011-05-16,Female,Grade 9,E,villanueva.ryan@hotmail.com,8671.14,Partial (50%),84.04,Active
SCH-2026-1461,Eric,Gilmore,2010-07-31,Non-binary,Grade 9,A,gilmore.eric@yahoo.com,3264.08,Full Scholarship,94.09,Active
SCH-2026-1462,Sandra,Smith,2021-04-13,Female,Preschool,B,smith.sandra@yahoo.com,9813.11,None,97.38,Active
SCH-2026-1463,Teresa,Elliott,2007-11-03,Female,Grade 12,E,elliott.teresa@gmail.com,6645.23,None,97.27,Active
SCH-2026-1464,Terri,Kramer,2008-06-14,Non-binary,Grade 11,D,kramer.terri@hotmail.com,5709.25,Partial (25%),96.14,Active
SCH-2026-1465,Sarah,Bowers,2013-08-16,Female,Grade 7,B,bowers.sarah@hotmail.com,10206.43,None,90.25,Active
SCH-2026-1466,Timothy,Simpson,2016-08-19,Non-binary,Grade 3,A,simpson.timothy@gmail.com,8914.15,None,82.64,Active
SCH-2026-1467,Jason,Owens,2012-04-20,Non-binary,Grade 9,E,owens.jason@gmail.com,3012.21,None,80.55,Active
SCH-2026-1468,David,Spencer,2018-04-12,Non-binary,Grade 3,C,spencer.david@hotmail.com,4180.92,None,95.62,Active
SCH-2026-1469,Lori,Saunders,2012-08-17,Female,Grade 8,B,saunders.lori@gmail.com,7470.32,Partial (25%),92.71,Active
SCH-2026-1470,Jill,Daniels,2020-10-27,Non-binary,Kindergarten,D,daniels.jill@gmail.com,7059.08,Partial (50%),85.69,Active
SCH-2026-1471,Wendy,Shaw,2012-01-02,Female,Grade 8,B,shaw.wendy@yahoo.com,11961.12,None,88.26,Active
SCH-2026-1472,Guy,Young,2009-06-14,Non-binary,Grade 10,E,young.guy@yahoo.com,10254.58,None,94.96,Active
SCH-2026-1473,Kelsey,Evans,2010-11-22,Non-binary,Grade 9,E,evans.kelsey@yahoo.com,7292.06,None,97.33,Active
SCH-2026-1474,Brandy,Acosta,2011-10-02,Non-binary,Grade 9,E,acosta.brandy@hotmail.com,7587.06,None,84.04,Active
SCH-2026-1475,Donald,Love,2013-04-05,Male,Grade 8,B,love.donald@hotmail.com,5830.21,Full Scholarship,89.46,Active
SCH-2026-1476,Billy,Ramirez,2016-10-29,Female,Grade 4,B,ramirez.billy@yahoo.com,6332.78,None,82.82,Active
SCH-2026-1477,Andre,Jackson,2013-03-02,Female,Grade 7,A,jackson.andre@hotmail.com,7666.37,None,86.82,Active
SCH-2026-1478,Joshua,Barrett,2008-12-20,Male,Grade 12,C,barrett.joshua@yahoo.com,8597.01,None,75.37,Active
SCH-2026-1479,Ethan,Mitchell,2010-05-02,Female,Grade 10,A,mitchell.ethan@yahoo.com,6473.71,None,99.95,Withdrawn
SCH-2026-1480,Grace,Holland,2011-06-27,Female,Grade 9,A,holland.grace@yahoo.com,3969.69,None,94.99,Withdrawn
SCH-2026-1481,Elizabeth,Castillo,2007-06-21,Non-binary,Grade 12,C,castillo.elizabeth@gmail.com,5680.34,None,75.09,Withdrawn
SCH-2026-1482,Ashley,Castro,2008-10-06,Male,Grade 11,C,castro.ashley@yahoo.com,6292.28,None,98.57,Active
SCH-2026-1483,Molly,Klein,2010-05-31,Female,Grade 10,B,klein.molly@yahoo.com,10034.65,Partial (50%),79.64,Active
SCH-2026-1484,Martha,Sullivan,2019-10-30,Male,Kindergarten,E,sullivan.martha@gmail.com,5895.96,None,98.62,Active
SCH-2026-1485,Gabriel,Evans,2011-01-11,Non-binary,Grade 10,D,evans.gabriel@yahoo.com,6422.59,None,81.39,Active
SCH-2026-1486,Samuel,Poole,2009-03-06,Male,Grade 12,B,poole.samuel@gmail.com,10079.81,None,75.83,Active
SCH-2026-1487,Christopher,Stokes,2019-02-18,Male,Grade 1,C,stokes.christopher@gmail.com,11907.8,None,96.28,Active
SCH-2026-1488,Anthony,Charles,2023-04-15,Male,Preschool,A,charles.anthony@hotmail.com,3359.65,None,99.13,Active
SCH-2026-1489,Tamara,Thompson,2016-11-19,Non-binary,Grade 4,B,thompson.tamara@hotmail.com,5088.85,None,92.23,Active
SCH-2026-1490,Andrew,Thomas,2009-10-18,Male,Grade 10,A,thomas.andrew@gmail.com,9942.68,Partial (25%),95.47,Active
SCH-2026-1491,Michael,Taylor,2011-04-23,Male,Grade 10,D,taylor.michael@gmail.com,4600.25,Partial (50%),92.65,Active
SCH-2026-1492,Corey,Montoya,2017-04-13,Male,Grade 4,C,montoya.corey@hotmail.com,6091.59,Full Scholarship,77.9,Active
SCH-2026-1493,Dylan,Jones,2010-11-06,Female,Grade 10,B,jones.dylan@yahoo.com,6476.38,None,78.83,Active
SCH-2026-1494,Tina,Smith,2011-11-10,Male,Grade 8,D,smith.tina@hotmail.com,5107.62,None,78.96,Active
SCH-2026-1495,Audrey,Harper,2010-01-02,Female,Grade 10,E,harper.audrey@yahoo.com,9671.83,None,78.72,Active
SCH-2026-1496,Christopher,Thornton,2019-05-24,Female,Grade 1,B,thornton.christopher@gmail.com,7324.17,None,75.57,Active
SCH-2026-1497,Donald,Hughes,2015-07-11,Male,Grade 4,D,hughes.donald@hotmail.com,3415.12,None,90.48,Active
SCH-2026-1498,Bradley,French,2014-11-15,Female,Grade 5,D,french.bradley@gmail.com,7584.6,Partial (50%),92.2,Active
SCH-2026-1499,Amanda,Powers,2017-07-06,Female,Grade 2,B,powers.amanda@hotmail.com,11060.25,None,96.31,Active
SCH-2026-1500,Clifford,Ramirez,2020-11-19,Female,Kindergarten,B,ramirez.clifford@gmail.com,9033.56,Partial (25%),95.31,Active
SCH-2026-1501,Sara,Rogers,2012-03-26,Male,Grade 8,C,rogers.sara@gmail.com,6928.24,Partial (25%),91.81,Active
SCH-2026-1502,Benjamin,Rice,2010-05-27,Non-binary,Grade 10,B,rice.benjamin@hotmail.com,10705.86,None,95.26,Active
SCH-2026-1503,Michele,Williams,2015-07-04,Non-binary,Grade 5,A,williams.michele@hotmail.com,6991.33,None,93.11,Active
SCH-2026-1504,Laura,Murray,2013-08-05,Male,Grade 6,D,murray.laura@yahoo.com,4245.24,Partial (50%),75.9,On Leave
SCH-2026-1505,Laura,Taylor,2013-02-17,Female,Grade 7,C,taylor.laura@yahoo.com,11945.43,None,93.17,Active
SCH-2026-1506,Ashley,Mccullough,2013-01-20,Non-binary,Grade 7,A,mccullough.ashley@hotmail.com,10160.2,None,81.35,Active
SCH-2026-1507,Christopher,Mcbride,2016-08-03,Male,Grade 4,B,mcbride.christopher@hotmail.com,4047.06,Partial (25%),98.28,Active
SCH-2026-1508,Hannah,Sims,2009-06-24,Female,Grade 11,D,sims.hannah@hotmail.com,5770.66,Full Scholarship,90.49,Active
SCH-2026-1509,Leslie,Mcdowell,2014-07-12,Male,Grade 6,C,mcdowell.leslie@yahoo.com,11391.56,None,81.33,Active
SCH-2026-1510,Christopher,Roman,2010-07-28,Non-binary,Grade 9,B,roman.christopher@yahoo.com,11216.22,None,78.76,Active
SCH-2026-1511,Oscar,Huff,2008-10-29,Male,Grade 12,D,huff.oscar@gmail.com,5096.03,Partial (50%),97.28,Active
SCH-2026-1512,Jennifer,Taylor,2011-02-24,Male,Grade 10,B,taylor.jennifer@hotmail.com,7399.35,None,83.67,Active
SCH-2026-1513,Christina,Johnson,2015-05-15,Female,Grade 4,B,johnson.christina@gmail.com,3192.47,Partial (50%),88.14,Active
SCH-2026-1514,Tracy,Young,2014-08-28,Non-binary,Grade 5,D,young.tracy@gmail.com,6470.94,None,99.8,Active
SCH-2026-1515,Sonya,Baker,2007-08-17,Female,Grade 12,B,baker.sonya@hotmail.com,3820.85,None,77.97,Active
SCH-2026-1516,Daniel,Stark,2008-08-17,Female,Grade 12,A,stark.daniel@yahoo.com,4295.11,Partial (50%),96.82,Active
SCH-2026-1517,Julie,Francis,2012-12-20,Male,Grade 8,B,francis.julie@hotmail.com,11425.86,None,97.06,Active
SCH-2026-1518,Bryan,Kelley,2021-02-01,Male,Kindergarten,B,kelley.bryan@gmail.com,3029.95,Partial (25%),78.46,Active
SCH-2026-1519,Sara,Carter,2018-08-22,Male,Grade 1,C,carter.sara@hotmail.com,10634.87,None,75.36,Active
SCH-2026-1520,Derek,Newman,2017-03-16,Male,Grade 3,D,newman.derek@hotmail.com,10732.92,Partial (25%),79.82,Active
SCH-2026-1521,Larry,Roy,2011-08-04,Non-binary,Grade 9,D,roy.larry@hotmail.com,11005.05,None,80.89,Active
SCH-2026-1522,Emily,Smith,2018-12-04,Non-binary,Grade 1,C,smith.emily@yahoo.com,10288.97,Partial (25%),88.84,Active
SCH-2026-1523,Valerie,Conway,2018-01-06,Non-binary,Grade 2,E,conway.valerie@hotmail.com,5595.47,Partial (25%),99.0,On Leave
SCH-2026-1524,Yvonne,Cole,2008-01-31,Female,Grade 12,A,cole.yvonne@gmail.com,9664.65,Partial (25%),94.04,Active
SCH-2026-1525,Jason,Collins,2009-10-20,Female,Grade 11,C,collins.jason@yahoo.com,6753.25,Partial (50%),96.51,Active
SCH-2026-1526,Peter,Blankenship,2009-07-18,Non-binary,Grade 10,A,blankenship.peter@hotmail.com,5219.18,None,91.02,Active
SCH-2026-1527,Karen,Davis,2014-08-17,Male,Grade 6,B,davis.karen@hotmail.com,6286.47,None,99.43,Active
SCH-2026-1528,Steven,Evans,2011-03-02,Male,Grade 9,D,evans.steven@hotmail.com,8941.58,None,78.76,Active
SCH-2026-1529,Amy,Wilson,2015-05-24,Male,Grade 4,A,wilson.amy@hotmail.com,9675.3,None,87.35,Active
SCH-2026-1530,Patrick,Berry,2007-10-08,Male,Grade 12,A,berry.patrick@gmail.com,11053.04,None,93.51,Active
SCH-2026-1531,Andrew,Baker,2008-07-10,Non-binary,Grade 12,B,baker.andrew@gmail.com,9603.32,None,92.44,Active
SCH-2026-1532,Carolyn,Williams,2018-03-09,Non-binary,Grade 2,E,williams.carolyn@hotmail.com,8000.69,None,84.84,Active
SCH-2026-1533,David,Atkinson,2011-02-05,Male,Grade 10,A,atkinson.david@gmail.com,3606.1,None,86.5,Active
SCH-2026-1534,Bailey,Leon,2009-02-26,Female,Grade 11,B,leon.bailey@hotmail.com,3740.6,None,80.28,Active
SCH-2026-1535,James,Smith,2015-05-20,Female,Grade 4,B,smith.james@hotmail.com,8419.68,Full Scholarship,76.1,Active
SCH-2026-1536,Jason,Stephens,2010-03-02,Non-binary,Grade 10,E,stephens.jason@gmail.com,11419.36,None,88.69,Active
SCH-2026-1537,Brian,Jenkins,2014-04-28,Female,Grade 6,D,jenkins.brian@hotmail.com,4420.73,None,87.5,Active
SCH-2026-1538,Jessica,Boone,2019-11-25,Female,Grade 1,B,boone.jessica@gmail.com,4921.9,None,91.18,Active
SCH-2026-1539,Kenneth,Morris,2021-12-21,Female,Preschool,D,morris.kenneth@gmail.com,10349.01,None,93.61,Active
SCH-2026-1540,Jamie,Baldwin,2019-03-25,Female,Grade 2,E,baldwin.jamie@hotmail.com,10596.65,None,75.08,Active
SCH-2026-1541,Lauren,Leonard,2019-09-30,Non-binary,Grade 1,B,leonard.lauren@yahoo.com,8392.17,None,92.46,Active
SCH-2026-1542,Brandon,Brady,2012-09-28,Female,Grade 8,A,brady.brandon@gmail.com,4366.05,Partial (25%),82.43,Active
SCH-2026-1543,Anthony,Rivera,2010-06-03,Female,Grade 9,E,rivera.anthony@gmail.com,11907.74,None,83.31,Active
SCH-2026-1544,Mark,May,2013-05-13,Male,Grade 7,C,may.mark@gmail.com,3990.76,Partial (50%),91.01,Active
SCH-2026-1545,Renee,Ramsey,2010-12-03,Male,Grade 10,C,ramsey.renee@hotmail.com,11711.65,Partial (50%),79.47,Active
SCH-2026-1546,Theodore,Dean,2019-12-23,Female,Kindergarten,B,dean.theodore@yahoo.com,5831.57,None,95.61,Active
SCH-2026-1547,Jennifer,Mcneil,2019-12-29,Non-binary,Grade 1,B,mcneil.jennifer@hotmail.com,6738.63,None,94.11,Withdrawn
SCH-2026-1548,Dylan,Reyes,2013-05-21,Female,Grade 6,A,reyes.dylan@yahoo.com,5391.84,None,81.44,Active
SCH-2026-1549,Alexander,Stewart,2010-03-23,Male,Grade 11,C,stewart.alexander@gmail.com,10918.29,None,82.52,Active
SCH-2026-1550,Charles,Rodriguez,2015-07-04,Male,Grade 5,E,rodriguez.charles@hotmail.com,7254.78,Partial (25%),75.04,Active
SCH-2026-1551,Brandon,Mooney,2017-10-01,Female,Grade 3,B,mooney.brandon@yahoo.com,7388.95,None,97.19,Active
SCH-2026-1552,Joseph,Jarvis,2014-05-04,Female,Grade 5,B,jarvis.joseph@hotmail.com,8371.71,Partial (25%),84.32,Active
SCH-2026-1553,Danny,English,2017-02-16,Female,Grade 4,A,english.danny@hotmail.com,5698.57,None,98.15,Active
SCH-2026-1554,Christopher,Rogers,2012-08-03,Female,Grade 7,D,rogers.christopher@hotmail.com,10346.75,None,83.66,Active
SCH-2026-1555,Kenneth,Sanders,2011-09-10,Male,Grade 9,A,sanders.kenneth@yahoo.com,4672.16,None,84.33,Active
SCH-2026-1556,Phyllis,Harris,2017-11-19,Male,Grade 2,B,harris.phyllis@hotmail.com,10776.34,Partial (25%),94.29,Active
SCH-2026-1557,Jacqueline,Stein,2013-10-24,Non-binary,Grade 7,C,stein.jacqueline@yahoo.com,5313.94,None,80.09,Withdrawn
SCH-2026-1558,Brenda,Smith,2014-06-04,Male,Grade 6,E,smith.brenda@yahoo.com,4283.29,None,82.67,Active
SCH-2026-1559,Courtney,Jackson,2009-08-26,Female,Grade 11,B,jackson.courtney@yahoo.com,3502.0,Partial (50%),99.15,Active
SCH-2026-1560,Kathleen,Allen,2022-08-16,Non-binary,Preschool,B,allen.kathleen@yahoo.com,5668.74,None,93.32,Active
SCH-2026-1561,Melissa,Hartman,2013-03-09,Male,Grade 7,E,hartman.melissa@hotmail.com,5585.86,None,88.59,Active
SCH-2026-1562,Jorge,Bryant,2016-02-19,Non-binary,Grade 5,A,bryant.jorge@hotmail.com,3586.14,None,82.87,Active
SCH-2026-1563,Jenna,Adams,2022-03-07,Non-binary,Preschool,E,adams.jenna@yahoo.com,7080.15,Partial (25%),79.3,Active
SCH-2026-1564,Michael,Robinson,2015-09-04,Male,Grade 4,B,robinson.michael@hotmail.com,7085.96,None,90.83,Active
SCH-2026-1565,Kathleen,Harris,2017-10-11,Female,Grade 3,D,harris.kathleen@gmail.com,11171.92,None,76.94,Active
SCH-2026-1566,Regina,Romero,2020-11-28,Non-binary,Kindergarten,D,romero.regina@hotmail.com,6318.31,None,75.18,Active
SCH-2026-1567,Kristen,Harris,2014-12-26,Non-binary,Grade 6,D,harris.kristen@hotmail.com,7488.67,None,99.35,On Leave
SCH-2026-1568,Adam,Davis,2014-08-30,Female,Grade 6,D,davis.adam@yahoo.com,10602.1,None,89.65,Active
SCH-2026-1569,Dana,Morris,2012-10-18,Non-binary,Grade 7,A,morris.dana@gmail.com,11891.11,Partial (50%),95.78,Active
SCH-2026-1570,Sara,Ross,2008-05-15,Non-binary,Grade 12,B,ross.sara@hotmail.com,3667.11,Full Scholarship,93.65,Active
SCH-2026-1571,Phillip,Gomez,2012-12-19,Male,Grade 7,D,gomez.phillip@hotmail.com,4549.98,Partial (25%),89.94,Active
SCH-2026-1572,Jennifer,Gonzales,2020-07-21,Female,Preschool,C,gonzales.jennifer@yahoo.com,9995.37,None,77.75,Active
SCH-2026-1573,Hailey,Gates,2016-08-12,Non-binary,Grade 4,C,gates.hailey@hotmail.com,11031.18,None,99.04,Active
SCH-2026-1574,Christine,Monroe,2010-05-23,Female,Grade 9,C,monroe.christine@hotmail.com,8320.32,Partial (50%),98.01,Active
SCH-2026-1575,Veronica,Macias,2021-11-14,Male,Preschool,C,macias.veronica@gmail.com,6187.01,None,82.69,Active
SCH-2026-1576,Austin,Johnson,2015-05-24,Female,Grade 4,C,johnson.austin@hotmail.com,11063.01,Partial (50%),89.74,Active
SCH-2026-1577,Theresa,Williams,2015-01-12,Male,Grade 5,A,williams.theresa@hotmail.com,7036.13,None,93.51,Active
SCH-2026-1578,Ashley,Adams,2018-12-12,Male,Grade 2,E,adams.ashley@hotmail.com,4843.6,None,78.13,Active
SCH-2026-1579,James,Craig,2010-12-11,Female,Grade 9,E,craig.james@hotmail.com,8358.63,Partial (50%),80.18,Active
SCH-2026-1580,Megan,Ibarra,2011-09-25,Female,Grade 9,B,ibarra.megan@hotmail.com,6013.29,Partial (50%),80.18,Active
SCH-2026-1581,Jason,Vazquez,2019-01-31,Male,Grade 1,E,vazquez.jason@yahoo.com,9539.05,Partial (25%),97.24,Active
SCH-2026-1582,Mathew,Martinez,2021-05-31,Non-binary,Preschool,C,martinez.mathew@yahoo.com,6912.71,Partial (25%),94.52,Active
SCH-2026-1583,David,Williams,2008-09-01,Female,Grade 11,B,williams.david@yahoo.com,6606.98,None,95.12,Active
SCH-2026-1584,Brandi,Logan,2017-02-25,Male,Grade 4,B,logan.brandi@gmail.com,11120.85,Partial (50%),79.27,Active
SCH-2026-1585,Lisa,Larson,2008-05-25,Male,Grade 11,D,larson.lisa@gmail.com,5590.44,None,97.52,Active
SCH-2026-1586,Tara,Lewis,2009-04-14,Non-binary,Grade 12,C,lewis.tara@yahoo.com,3689.1,Full Scholarship,85.96,Active
SCH-2026-1587,Andrew,Bullock,2012-04-18,Non-binary,Grade 8,B,bullock.andrew@yahoo.com,9752.29,None,92.89,Active
SCH-2026-1588,Edward,Thompson,2008-06-25,Male,Grade 12,C,thompson.edward@hotmail.com,4885.8,None,76.92,Active
SCH-2026-1589,Russell,Washington,2017-04-22,Female,Grade 3,D,washington.russell@gmail.com,10528.5,Partial (25%),94.91,Active
SCH-2026-1590,Autumn,Davis,2008-10-15,Male,Grade 11,D,davis.autumn@yahoo.com,6868.14,None,89.07,Active
SCH-2026-1591,Andrew,Williams,2019-03-17,Male,Grade 1,A,williams.andrew@hotmail.com,11924.11,Partial (50%),76.87,Active
SCH-2026-1592,Kimberly,Manning,2012-02-27,Female,Grade 8,E,manning.kimberly@hotmail.com,4806.07,Partial (25%),84.37,Active
SCH-2026-1593,Frank,Lane,2018-10-24,Male,Grade 2,D,lane.frank@gmail.com,8715.2,None,93.26,Active
SCH-2026-1594,Jonathan,Ingram,2010-04-02,Female,Grade 10,B,ingram.jonathan@hotmail.com,7236.25,Partial (50%),94.07,Active
SCH-2026-1595,Mark,Johnston,2009-11-11,Non-binary,Grade 11,C,johnston.mark@yahoo.com,4859.32,Partial (25%),99.69,Active
SCH-2026-1596,Andrew,Henderson,2012-09-09,Female,Grade 7,B,henderson.andrew@gmail.com,10107.11,None,82.16,Active
SCH-2026-1597,Bradley,Khan,2009-10-08,Non-binary,Grade 10,A,khan.bradley@hotmail.com,9737.12,Partial (50%),97.21,Active
SCH-2026-1598,Thomas,Odonnell,2007-07-21,Male,Grade 12,E,odonnell.thomas@gmail.com,8790.51,None,97.23,Active
SCH-2026-1599,Melissa,Sawyer,2017-02-05,Non-binary,Grade 3,C,sawyer.melissa@hotmail.com,5349.99,Partial (25%),86.11,Active
SCH-2026-1600,Tammy,Maddox,2007-09-26,Male,Grade 12,A,maddox.tammy@yahoo.com,7607.11,None,76.44,Active
SCH-2026-1601,Wesley,Larson,2019-01-27,Non-binary,Grade 1,D,larson.wesley@hotmail.com,10929.48,None,91.29,Active
SCH-2026-1602,Gerald,Clark,2018-12-28,Female,Grade 2,A,clark.gerald@yahoo.com,3791.48,Partial (50%),99.42,Active
SCH-2026-1603,Michael,Carlson,2016-11-18,Male,Grade 3,A,carlson.michael@gmail.com,5744.63,Partial (50%),90.15,Active
SCH-2026-1604,Eric,Horton,2010-05-14,Non-binary,Grade 10,B,horton.eric@yahoo.com,4665.55,Partial (25%),86.07,Active
SCH-2026-1605,Norman,Stanley,2019-02-06,Female,Grade 1,D,stanley.norman@yahoo.com,3645.29,Partial (25%),89.62,Withdrawn
SCH-2026-1606,Robert,Jacobs,2017-09-07,Male,Grade 2,E,jacobs.robert@yahoo.com,10634.66,None,98.08,Active
SCH-2026-1607,Joseph,Robinson,2017-03-28,Male,Grade 3,A,robinson.joseph@yahoo.com,7228.95,None,94.54,Active
SCH-2026-1608,Kelly,Hubbard,2009-07-14,Female,Grade 10,B,hubbard.kelly@yahoo.com,10858.19,Partial (25%),84.28,On Leave
SCH-2026-1609,Daryl,Dominguez,2017-02-08,Non-binary,Grade 3,A,dominguez.daryl@yahoo.com,11501.8,None,78.19,Withdrawn
SCH-2026-1610,Tiffany,Carpenter,2018-12-22,Male,Grade 2,D,carpenter.tiffany@yahoo.com,3418.56,None,80.84,On Leave
SCH-2026-1611,Jessica,Martinez,2021-02-01,Male,Kindergarten,D,martinez.jessica@gmail.com,5497.62,Partial (50%),98.14,Active
SCH-2026-1612,Jeanne,Smith,2011-11-25,Male,Grade 9,D,smith.jeanne@gmail.com,7832.63,None,90.28,Active
SCH-2026-1613,Bryan,King,2008-02-26,Female,Grade 12,A,king.bryan@gmail.com,11549.54,None,96.29,Active
SCH-2026-1614,Katie,Hall,2018-02-15,Female,Grade 3,D,hall.katie@yahoo.com,11189.33,None,93.47,Active
SCH-2026-1615,Amber,White,2016-06-06,Female,Grade 4,A,white.amber@hotmail.com,5856.02,Partial (50%),88.39,Active
SCH-2026-1616,Daniel,Bray,2021-01-25,Non-binary,Preschool,B,bray.daniel@gmail.com,6232.97,None,82.59,Active
SCH-2026-1617,Joseph,Arias,2017-01-23,Female,Grade 4,B,arias.joseph@hotmail.com,10176.58,None,84.06,Active
SCH-2026-1618,Stephanie,Walker,2010-12-29,Male,Grade 10,C,walker.stephanie@gmail.com,7070.38,None,90.49,Active
SCH-2026-1619,Pamela,Rodriguez,2021-09-24,Female,Preschool,D,rodriguez.pamela@yahoo.com,10470.23,Partial (25%),85.7,Withdrawn
SCH-2026-1620,Richard,Townsend,2010-10-08,Non-binary,Grade 10,D,townsend.richard@yahoo.com,5432.43,Partial (25%),98.29,Active
SCH-2026-1621,Alan,Cannon,2009-09-28,Non-binary,Grade 10,B,cannon.alan@yahoo.com,6907.9,None,87.47,Active
SCH-2026-1622,Jordan,Anderson,2012-07-16,Non-binary,Grade 8,C,anderson.jordan@gmail.com,4285.51,Partial (25%),75.71,Active
SCH-2026-1623,Amanda,Nichols,2010-04-13,Male,Grade 10,E,nichols.amanda@gmail.com,8144.55,None,76.81,Active
SCH-2026-1624,Jack,Miles,2010-02-17,Non-binary,Grade 10,E,miles.jack@gmail.com,7056.33,None,87.02,Active
SCH-2026-1625,Matthew,Bush,2014-04-06,Male,Grade 6,A,bush.matthew@yahoo.com,4804.4,None,85.59,Active
SCH-2026-1626,Erin,Ross,2014-03-13,Male,Grade 6,E,ross.erin@hotmail.com,8916.09,Partial (50%),95.75,Active
SCH-2026-1627,John,Thompson,2016-05-24,Male,Grade 3,B,thompson.john@hotmail.com,6702.81,None,80.71,Withdrawn
SCH-2026-1628,William,Parks,2017-09-19,Non-binary,Grade 2,B,parks.william@gmail.com,4983.56,Partial (50%),97.42,Active
SCH-2026-1629,Nicole,Mcclain,2010-01-01,Female,Grade 11,A,mcclain.nicole@gmail.com,11885.4,Partial (25%),86.26,Active
SCH-2026-1630,Sarah,Copeland,2008-09-08,Female,Grade 11,A,copeland.sarah@hotmail.com,10937.16,None,83.08,Active
SCH-2026-1631,Derek,Ferrell,2017-06-08,Non-binary,Grade 3,D,ferrell.derek@hotmail.com,6250.39,None,79.55,Active
SCH-2026-1632,Shannon,Evans,2011-02-15,Female,Grade 10,E,evans.shannon@hotmail.com,4191.99,Partial (25%),84.65,Active
SCH-2026-1633,Patricia,Rodriguez,2012-02-11,Non-binary,Grade 9,B,rodriguez.patricia@gmail.com,7852.9,None,80.53,Active
SCH-2026-1634,Blake,Walker,2013-03-10,Non-binary,Grade 8,A,walker.blake@hotmail.com,5501.39,None,89.23,Active
SCH-2026-1635,Karen,Martinez,2020-06-09,Female,Kindergarten,D,martinez.karen@gmail.com,11570.44,None,81.11,Active
SCH-2026-1636,Isaac,Copeland,2010-02-03,Female,Grade 11,A,copeland.isaac@hotmail.com,10359.9,None,92.63,On Leave
SCH-2026-1637,Kristen,Maynard,2020-03-23,Female,Kindergarten,D,maynard.kristen@gmail.com,4993.33,None,98.6,Active
SCH-2026-1638,Michelle,Krueger,2008-06-01,Male,Grade 12,D,krueger.michelle@hotmail.com,3032.24,None,99.58,Active
SCH-2026-1639,Darlene,Rodriguez,2019-01-13,Non-binary,Grade 1,E,rodriguez.darlene@hotmail.com,10022.58,Partial (25%),77.31,Active
SCH-2026-1640,Sylvia,Johnson,2011-08-10,Female,Grade 8,E,johnson.sylvia@hotmail.com,10494.4,Partial (25%),90.33,Active
SCH-2026-1641,Aaron,Garcia,2009-05-29,Female,Grade 10,D,garcia.aaron@yahoo.com,11318.58,None,97.37,Active
SCH-2026-1642,Linda,Lee,2009-10-29,Non-binary,Grade 11,D,lee.linda@yahoo.com,7342.15,None,98.86,Active
SCH-2026-1643,Andrew,Humphrey,2011-02-07,Female,Grade 10,D,humphrey.andrew@yahoo.com,7463.67,Partial (25%),81.08,Active
SCH-2026-1644,Yvette,Williams,2008-11-26,Male,Grade 11,D,williams.yvette@yahoo.com,5104.1,None,75.29,Active
SCH-2026-1645,Pamela,Jordan,2016-10-20,Male,Grade 4,A,jordan.pamela@hotmail.com,5047.94,Partial (25%),81.94,Active
SCH-2026-1646,Sharon,Mcknight,2016-11-22,Female,Grade 3,B,mcknight.sharon@yahoo.com,7675.49,None,86.62,Withdrawn
SCH-2026-1647,Danny,Walker,2014-02-18,Non-binary,Grade 7,E,walker.danny@yahoo.com,5427.39,None,98.93,Active
SCH-2026-1648,Amanda,Terry,2020-08-18,Non-binary,Kindergarten,A,terry.amanda@yahoo.com,10500.49,None,96.34,Active
SCH-2026-1649,Bryce,Zhang,2008-06-22,Male,Grade 12,E,zhang.bryce@yahoo.com,5077.23,None,92.38,Active
SCH-2026-1650,Brandon,Gay,2010-02-19,Male,Grade 11,A,gay.brandon@gmail.com,11539.28,None,90.16,On Leave
SCH-2026-1651,Christie,Guzman,2015-01-18,Non-binary,Grade 5,C,guzman.christie@gmail.com,7665.27,Partial (25%),84.9,Active
SCH-2026-1652,Heather,Cole,2012-10-29,Non-binary,Grade 7,C,cole.heather@hotmail.com,10197.84,None,77.16,Active
SCH-2026-1653,Christopher,Andrews,2017-12-29,Non-binary,Grade 2,B,andrews.christopher@gmail.com,10321.22,None,78.21,Active
SCH-2026-1654,Jason,Robertson,2021-09-21,Non-binary,Preschool,C,robertson.jason@gmail.com,9482.74,Full Scholarship,92.53,Active
SCH-2026-1655,Robert,Brown,2012-09-07,Male,Grade 8,B,brown.robert@hotmail.com,5349.3,None,87.14,Active
SCH-2026-1656,Lisa,Nunez,2013-03-07,Female,Grade 7,C,nunez.lisa@yahoo.com,7747.99,None,80.31,Active
SCH-2026-1657,Angela,Le,2020-07-28,Female,Kindergarten,C,le.angela@yahoo.com,10353.2,Partial (25%),89.2,Active
SCH-2026-1658,Kenneth,Williams,2020-08-21,Non-binary,Kindergarten,B,williams.kenneth@yahoo.com,11436.63,None,95.27,Active
SCH-2026-1659,Valerie,Ho,2011-01-31,Non-binary,Grade 10,A,ho.valerie@yahoo.com,3933.55,Partial (50%),95.15,Active
SCH-2026-1660,George,Smith,2011-10-15,Female,Grade 8,E,smith.george@gmail.com,5173.82,None,96.64,Active
SCH-2026-1661,Kimberly,Wagner,2013-07-15,Male,Grade 7,A,wagner.kimberly@hotmail.com,11119.68,None,85.72,Active
SCH-2026-1662,Daniel,Vega,2008-12-11,Non-binary,Grade 12,D,vega.daniel@yahoo.com,10182.26,Partial (50%),78.72,Active
SCH-2026-1663,James,Collins,2019-09-05,Female,Kindergarten,D,collins.james@gmail.com,4287.94,Partial (50%),82.32,Active
SCH-2026-1664,Donald,Fisher,2021-07-28,Male,Preschool,A,fisher.donald@hotmail.com,9668.02,Partial (50%),98.7,Active
SCH-2026-1665,Hunter,Rivas,2018-01-19,Non-binary,Grade 2,B,rivas.hunter@yahoo.com,8244.89,None,96.01,Active
SCH-2026-1666,Ann,Brown,2012-12-04,Female,Grade 8,E,brown.ann@gmail.com,4090.08,Partial (50%),75.44,Active
SCH-2026-1667,Brandon,Blankenship,2020-05-25,Female,Kindergarten,A,blankenship.brandon@yahoo.com,7337.98,None,96.7,Withdrawn
SCH-2026-1668,Amanda,Lang,2021-01-11,Female,Kindergarten,D,lang.amanda@hotmail.com,8265.62,None,95.7,Active
SCH-2026-1669,Laura,Carter,2018-08-06,Non-binary,Grade 2,E,carter.laura@gmail.com,11563.65,None,84.28,Active
SCH-2026-1670,Shawn,Yu,2014-07-31,Non-binary,Grade 5,D,yu.shawn@gmail.com,11041.34,None,80.51,Active
SCH-2026-1671,Cynthia,Stanley,2009-05-14,Male,Grade 11,B,stanley.cynthia@yahoo.com,5552.68,None,75.24,Active
SCH-2026-1672,Jennifer,Nichols,2014-06-22,Non-binary,Grade 6,C,nichols.jennifer@yahoo.com,8907.62,None,88.31,Active
SCH-2026-1673,Christian,Beard,2009-02-20,Non-binary,Grade 12,D,beard.christian@yahoo.com,5700.84,None,97.4,Active
SCH-2026-1674,Stephanie,Richard,2014-04-15,Male,Grade 7,A,richard.stephanie@gmail.com,4519.53,None,99.19,Active
SCH-2026-1675,Jennifer,Nolan,2009-05-23,Female,Grade 11,B,nolan.jennifer@gmail.com,9549.91,None,76.29,Active
SCH-2026-1676,Jason,Romero,2010-11-12,Female,Grade 9,A,romero.jason@gmail.com,11519.55,None,78.16,Active
SCH-2026-1677,Robert,Richards,2009-06-28,Non-binary,Grade 10,B,richards.robert@gmail.com,5066.43,Partial (25%),79.46,Active
SCH-2026-1678,Michael,Harris,2011-10-07,Non-binary,Grade 8,A,harris.michael@gmail.com,4624.18,Partial (25%),94.61,Active
SCH-2026-1679,Kristen,Schmitt,2015-03-04,Male,Grade 6,E,schmitt.kristen@gmail.com,5630.55,None,85.25,Active
SCH-2026-1680,Stacy,Willis,2012-10-29,Female,Grade 8,A,willis.stacy@hotmail.com,5780.42,None,85.36,Active
SCH-2026-1681,Sara,Nguyen,2015-03-16,Male,Grade 5,C,nguyen.sara@gmail.com,3084.88,Partial (25%),87.51,Active
SCH-2026-1682,Nathan,Watson,2013-06-09,Male,Grade 6,B,watson.nathan@gmail.com,8323.42,None,96.29,Active
SCH-2026-1683,Whitney,Lyons,2013-12-05,Non-binary,Grade 6,C,lyons.whitney@yahoo.com,5976.22,None,97.39,Active
SCH-2026-1684,Jason,Shaw,2008-12-24,Female,Grade 12,A,shaw.jason@hotmail.com,10385.73,None,97.85,Withdrawn
SCH-2026-1685,Joy,Craig,2010-06-06,Female,Grade 9,E,craig.joy@gmail.com,8476.92,Partial (50%),94.19,Active
SCH-2026-1686,Kevin,Maxwell,2016-12-08,Male,Grade 3,C,maxwell.kevin@yahoo.com,6258.0,None,90.99,Active
SCH-2026-1687,Alyssa,Maldonado,2016-02-09,Male,Grade 5,B,maldonado.alyssa@yahoo.com,9120.07,Full Scholarship,96.85,Active
SCH-2026-1688,Christy,Henry,2018-04-30,Female,Grade 1,E,henry.christy@hotmail.com,10417.47,Partial (25%),76.91,Active
SCH-2026-1689,Kelly,Walker,2019-03-22,Male,Grade 1,E,walker.kelly@gmail.com,6218.42,Partial (25%),76.39,Active
SCH-2026-1690,Emily,Lee,2018-03-25,Female,Grade 3,D,lee.emily@yahoo.com,7735.27,Partial (25%),76.55,Active
SCH-2026-1691,Claudia,Dixon,2021-06-23,Non-binary,Preschool,B,dixon.claudia@hotmail.com,3505.96,None,78.66,Active
SCH-2026-1692,Tara,Curry,2010-07-13,Male,Grade 9,D,curry.tara@yahoo.com,10966.39,None,98.85,Active
SCH-2026-1693,Sara,Reed,2019-07-16,Male,Grade 1,A,reed.sara@gmail.com,4821.6,None,96.48,Active
SCH-2026-1694,Patrick,Werner,2020-10-18,Male,Kindergarten,D,werner.patrick@gmail.com,3612.03,None,91.81,Active
SCH-2026-1695,Ryan,Wallace,2008-05-12,Female,Grade 11,E,wallace.ryan@hotmail.com,6008.91,Partial (50%),87.0,Withdrawn
SCH-2026-1696,Carlos,Garcia,2017-11-15,Female,Grade 3,C,garcia.carlos@gmail.com,11770.43,None,80.14,Active
SCH-2026-1697,Autumn,Palmer,2020-11-07,Female,Preschool,B,palmer.autumn@yahoo.com,10208.24,None,93.45,Active
SCH-2026-1698,Brian,Gray,2021-10-04,Non-binary,Preschool,C,gray.brian@hotmail.com,8431.55,None,92.44,Active
SCH-2026-1699,Cody,Cooper,2019-10-16,Male,Kindergarten,D,cooper.cody@yahoo.com,3641.18,Partial (25%),81.02,Active
SCH-2026-1700,Leslie,Chase,2016-06-10,Non-binary,Grade 4,C,chase.leslie@hotmail.com,8372.63,None,98.24,Active
SCH-2026-1701,Kimberly,Alvarado,2017-06-20,Female,Grade 3,A,alvarado.kimberly@yahoo.com,5305.41,None,76.79,Active
SCH-2026-1702,John,Davis,2013-08-03,Male,Grade 7,D,davis.john@yahoo.com,11141.89,None,89.96,Active
SCH-2026-1703,Amanda,Small,2011-06-23,Male,Grade 9,E,small.amanda@gmail.com,8436.86,Full Scholarship,83.76,Active
SCH-2026-1704,Alexander,Walton,2011-08-05,Male,Grade 8,B,walton.alexander@gmail.com,8718.88,None,80.11,Active
SCH-2026-1705,Christine,Williams,2012-08-30,Non-binary,Grade 8,A,williams.christine@yahoo.com,8953.49,Partial (25%),90.6,Active
SCH-2026-1706,Robin,Perez,2016-07-06,Male,Grade 4,B,perez.robin@hotmail.com,7951.96,None,79.0,Withdrawn
SCH-2026-1707,Daniel,Day,2010-05-08,Female,Grade 10,B,day.daniel@yahoo.com,6116.29,Partial (25%),91.34,Active
SCH-2026-1708,Thomas,Long,2016-02-10,Non-binary,Grade 5,A,long.thomas@yahoo.com,9110.89,Full Scholarship,84.48,Active
SCH-2026-1709,Jessica,Perez,2013-12-10,Male,Grade 7,D,perez.jessica@hotmail.com,5614.42,None,84.08,Active
SCH-2026-1710,Daniel,Boone,2017-03-15,Female,Grade 4,E,boone.daniel@yahoo.com,10353.57,None,95.45,Active
SCH-2026-1711,Michael,Melton,2008-12-23,Non-binary,Grade 11,C,melton.michael@yahoo.com,10713.09,None,91.14,Active
SCH-2026-1712,Andrea,Smith,2012-02-10,Non-binary,Grade 8,D,smith.andrea@hotmail.com,4084.01,None,95.03,Active
SCH-2026-1713,Stephanie,Baker,2018-12-25,Male,Grade 2,B,baker.stephanie@hotmail.com,7361.61,None,94.21,Active
SCH-2026-1714,Melinda,Sullivan,2015-11-23,Male,Grade 4,D,sullivan.melinda@yahoo.com,11097.42,Partial (50%),85.19,Active
SCH-2026-1715,Matthew,Chavez,2017-07-30,Female,Grade 2,B,chavez.matthew@hotmail.com,11259.46,None,92.14,Active
SCH-2026-1716,Aaron,Price,2015-06-08,Male,Grade 4,E,price.aaron@hotmail.com,10126.51,None,79.45,Active
SCH-2026-1717,Thomas,Watson,2008-10-09,Non-binary,Grade 12,B,watson.thomas@yahoo.com,7726.98,None,76.64,Active
SCH-2026-1718,Melinda,Yang,2011-09-05,Female,Grade 9,B,yang.melinda@hotmail.com,10895.44,None,83.15,Withdrawn
SCH-2026-1719,Daniel,Riley,2020-05-05,Non-binary,Kindergarten,B,riley.daniel@yahoo.com,10715.35,None,80.68,Active
SCH-2026-1720,Brenda,Wood,2016-04-07,Non-binary,Grade 4,C,wood.brenda@hotmail.com,5258.3,None,95.21,Active
SCH-2026-1721,Kelly,Schroeder,2019-10-30,Female,Grade 1,E,schroeder.kelly@yahoo.com,6010.6,None,84.01,Active
SCH-2026-1722,Daniel,Wilson,2012-04-02,Non-binary,Grade 8,A,wilson.daniel@gmail.com,10543.66,None,77.85,Active
SCH-2026-1723,Lydia,Newman,2022-03-25,Female,Preschool,E,newman.lydia@yahoo.com,10573.48,None,81.15,Active
SCH-2026-1724,Melissa,West,2010-08-22,Female,Grade 9,B,west.melissa@yahoo.com,8021.27,None,77.86,Active
SCH-2026-1725,John,Hendricks,2022-03-10,Male,Preschool,A,hendricks.john@gmail.com,4010.76,Partial (25%),78.31,Active
SCH-2026-1726,Dustin,Moody,2014-12-07,Male,Grade 5,C,moody.dustin@gmail.com,4847.72,None,92.42,Active
SCH-2026-1727,Andrea,Schneider,2019-04-30,Non-binary,Grade 1,E,schneider.andrea@gmail.com,6046.45,None,88.54,Active
SCH-2026-1728,Kyle,Green,2011-11-21,Female,Grade 8,D,green.kyle@gmail.com,3470.91,None,95.54,Active
SCH-2026-1729,Andrea,Sanchez,2013-08-05,Male,Grade 7,C,sanchez.andrea@hotmail.com,6657.73,None,86.43,Active
SCH-2026-1730,Tanya,Sanchez,2012-02-23,Non-binary,Grade 9,B,sanchez.tanya@hotmail.com,7975.67,None,84.2,On Leave
SCH-2026-1731,John,Pierce,2010-04-22,Female,Grade 11,E,pierce.john@hotmail.com,6294.7,Partial (25%),86.89,Active
SCH-2026-1732,Ronald,Jones,2014-04-23,Female,Grade 6,A,jones.ronald@hotmail.com,6319.43,None,90.65,Active
SCH-2026-1733,Rebecca,Williams,2008-01-04,Non-binary,Grade 12,A,williams.rebecca@yahoo.com,3636.83,None,93.65,Active
SCH-2026-1734,Daniel,Hahn,2007-12-30,Female,Grade 12,C,hahn.daniel@gmail.com,8414.45,None,78.4,Active
SCH-2026-1735,Stephanie,Burke,2008-09-09,Male,Grade 12,E,burke.stephanie@hotmail.com,10556.89,None,83.71,Active
SCH-2026-1736,Jennifer,May,2016-05-08,Male,Grade 3,C,may.jennifer@gmail.com,3511.12,None,95.31,Active
SCH-2026-1737,Samuel,Ho,2016-07-07,Non-binary,Grade 3,D,ho.samuel@yahoo.com,3328.56,None,91.6,Active
SCH-2026-1738,Joseph,Gonzalez,2019-09-30,Non-binary,Grade 1,B,gonzalez.joseph@gmail.com,3529.54,None,97.39,Active
SCH-2026-1739,Jessica,Boone,2019-12-11,Male,Grade 1,D,boone.jessica@yahoo.com,3221.54,Partial (50%),94.97,Active
SCH-2026-1740,Tiffany,Kirby,2011-10-12,Male,Grade 9,E,kirby.tiffany@yahoo.com,11651.76,None,80.27,Active
SCH-2026-1741,Michael,Fields,2011-06-01,Male,Grade 8,C,fields.michael@yahoo.com,3804.33,None,81.75,Active
SCH-2026-1742,Tina,Leon,2020-10-10,Female,Kindergarten,E,leon.tina@yahoo.com,6568.45,None,78.54,Active
SCH-2026-1743,Cassandra,Young,2021-05-19,Female,Preschool,B,young.cassandra@gmail.com,7100.09,None,93.94,Active
SCH-2026-1744,Wesley,Duran,2014-07-22,Male,Grade 5,C,duran.wesley@yahoo.com,10409.11,None,89.45,Active
SCH-2026-1745,Brandon,Smith,2011-03-29,Male,Grade 9,C,smith.brandon@gmail.com,4258.1,None,82.57,Active
SCH-2026-1746,Stephanie,Cunningham,2016-05-11,Non-binary,Grade 3,C,cunningham.stephanie@hotmail.com,3333.22,None,89.68,Active
SCH-2026-1747,Jonathan,Reid,2010-10-02,Male,Grade 10,B,reid.jonathan@gmail.com,10455.35,Partial (25%),94.89,Active
SCH-2026-1748,Maurice,Robinson,2020-11-13,Non-binary,Preschool,A,robinson.maurice@hotmail.com,3379.79,None,94.02,Withdrawn
SCH-2026-1749,Amanda,Holmes,2015-06-18,Non-binary,Grade 4,E,holmes.amanda@hotmail.com,4160.38,Partial (25%),77.68,Active
SCH-2026-1750,Denise,Torres,2012-04-27,Male,Grade 8,B,torres.denise@hotmail.com,10726.03,Partial (25%),86.8,Active
SCH-2026-1751,Kevin,Wagner,2011-03-17,Male,Grade 9,D,wagner.kevin@yahoo.com,11390.69,None,96.23,Active
SCH-2026-1752,Julia,Washington,2010-09-05,Non-binary,Grade 9,C,washington.julia@gmail.com,3555.51,None,96.39,Active
SCH-2026-1753,Rebecca,Ortiz,2016-12-22,Male,Grade 4,E,ortiz.rebecca@hotmail.com,7234.68,None,77.69,Active
SCH-2026-1754,Aaron,Hale,2009-07-28,Non-binary,Grade 11,A,hale.aaron@gmail.com,6665.88,None,75.94,Active
SCH-2026-1755,Jasmine,Cochran,2013-04-24,Non-binary,Grade 7,D,cochran.jasmine@gmail.com,7894.07,None,97.06,On Leave
SCH-2026-1756,Raymond,Brown,2017-08-28,Female,Grade 3,E,brown.raymond@gmail.com,3684.84,None,93.01,Active
SCH-2026-1757,Frank,Allen,2017-08-08,Non-binary,Grade 2,C,allen.frank@hotmail.com,9874.9,Full Scholarship,84.66,Active
SCH-2026-1758,Emily,Lee,2019-03-17,Female,Grade 1,E,lee.emily@gmail.com,7877.13,None,85.3,Active
SCH-2026-1759,Mark,Lewis,2012-07-12,Non-binary,Grade 8,E,lewis.mark@hotmail.com,9065.16,None,78.22,Active
SCH-2026-1760,Christopher,Reed,2013-10-05,Non-binary,Grade 6,E,reed.christopher@hotmail.com,8092.57,Full Scholarship,80.02,Active
SCH-2026-1761,Scott,Chavez,2015-12-12,Female,Grade 5,C,chavez.scott@gmail.com,7739.8,None,92.77,Active
SCH-2026-1762,David,Vargas,2012-10-30,Non-binary,Grade 7,B,vargas.david@hotmail.com,7932.67,None,96.75,Withdrawn
SCH-2026-1763,Curtis,Valdez,2015-02-28,Non-binary,Grade 6,A,valdez.curtis@gmail.com,8538.53,Partial (50%),75.77,Active
SCH-2026-1764,Timothy,Miller,2010-02-26,Male,Grade 11,A,miller.timothy@gmail.com,5102.36,None,98.57,Active
SCH-2026-1765,Carolyn,Rogers,2012-04-10,Female,Grade 9,E,rogers.carolyn@yahoo.com,4199.55,Partial (25%),84.12,Active
SCH-2026-1766,Patrick,Case,2013-04-21,Non-binary,Grade 7,D,case.patrick@yahoo.com,7904.57,None,84.36,Active
SCH-2026-1767,Mia,Fitzpatrick,2010-04-06,Non-binary,Grade 11,D,fitzpatrick.mia@yahoo.com,10240.41,None,95.71,Active
SCH-2026-1768,Alisha,Freeman,2014-05-30,Non-binary,Grade 6,B,freeman.alisha@hotmail.com,9502.97,Partial (25%),98.88,Active
SCH-2026-1769,Kenneth,James,2016-02-26,Non-binary,Grade 4,E,james.kenneth@yahoo.com,3784.78,None,99.02,Active
SCH-2026-1770,Anthony,Owens,2020-09-21,Female,Preschool,A,owens.anthony@gmail.com,7756.49,None,82.94,Active
SCH-2026-1771,William,Matthews,2020-07-03,Non-binary,Preschool,A,matthews.william@hotmail.com,5160.18,None,79.81,Active
SCH-2026-1772,Carl,Savage,2015-08-24,Female,Grade 4,B,savage.carl@gmail.com,3642.25,Partial (50%),76.9,Active
SCH-2026-1773,Benjamin,Alexander,2009-05-10,Male,Grade 10,E,alexander.benjamin@yahoo.com,11749.27,Partial (25%),90.19,Active
SCH-2026-1774,Barbara,Rodriguez,2020-04-29,Female,Kindergarten,B,rodriguez.barbara@yahoo.com,10432.22,Full Scholarship,93.84,Active
SCH-2026-1775,Lauren,Morrison,2018-12-29,Non-binary,Grade 1,E,morrison.lauren@yahoo.com,11284.7,None,76.09,Active
SCH-2026-1776,James,James,2015-05-15,Male,Grade 5,D,james.james@yahoo.com,5939.74,Partial (50%),97.56,Active
SCH-2026-1777,Bonnie,Flores,2014-04-21,Non-binary,Grade 6,B,flores.bonnie@gmail.com,4654.97,Partial (50%),76.96,Active
SCH-2026-1778,Colleen,Zhang,2014-11-06,Female,Grade 6,D,zhang.colleen@hotmail.com,8310.71,None,92.71,Active
SCH-2026-1779,Kelly,Powell,2010-07-23,Non-binary,Grade 10,C,powell.kelly@hotmail.com,8629.31,None,99.5,Active
SCH-2026-1780,Robert,Bailey,2011-09-13,Non-binary,Grade 8,E,bailey.robert@gmail.com,7705.17,Partial (50%),94.5,Active
SCH-2026-1781,Kimberly,Friedman,2011-05-07,Female,Grade 9,B,friedman.kimberly@yahoo.com,8473.99,None,91.43,Active
SCH-2026-1782,Jim,Juarez,2016-08-18,Non-binary,Grade 3,E,juarez.jim@gmail.com,11961.06,None,78.99,On Leave
SCH-2026-1783,Lisa,Mathews,2021-03-14,Female,Preschool,C,mathews.lisa@hotmail.com,8804.66,Partial (25%),90.74,On Leave
SCH-2026-1784,Ariana,Jones,2010-09-06,Female,Grade 10,C,jones.ariana@gmail.com,10215.67,None,95.94,Active
SCH-2026-1785,Anthony,Leonard,2020-10-25,Female,Kindergarten,B,leonard.anthony@hotmail.com,7531.85,None,78.13,Active
SCH-2026-1786,Leah,Brown,2008-02-09,Male,Grade 12,D,brown.leah@hotmail.com,11447.16,Partial (25%),89.36,Active
SCH-2026-1787,Hannah,Williams,2009-08-19,Female,Grade 10,B,williams.hannah@yahoo.com,7579.19,None,95.37,Active
SCH-2026-1788,Jocelyn,Chang,2014-08-26,Male,Grade 5,A,chang.jocelyn@yahoo.com,7671.04,None,77.16,Active
SCH-2026-1789,Tammy,Francis,2008-08-24,Male,Grade 12,B,francis.tammy@yahoo.com,4826.46,None,97.82,Active
SCH-2026-1790,Alexis,Lewis,2012-05-13,Female,Grade 8,A,lewis.alexis@hotmail.com,9300.58,None,77.81,Active
SCH-2026-1791,Lisa,Frye,2020-03-05,Female,Grade 1,E,frye.lisa@gmail.com,8356.2,None,93.44,Active
SCH-2026-1792,David,Meza,2012-04-23,Non-binary,Grade 9,B,meza.david@gmail.com,4659.84,Partial (25%),85.41,Active
SCH-2026-1793,Amanda,Mcdonald,2015-11-12,Non-binary,Grade 4,D,mcdonald.amanda@hotmail.com,10916.85,Partial (25%),78.5,Active
SCH-2026-1794,Crystal,Carson,2007-06-29,Non-binary,Grade 12,B,carson.crystal@gmail.com,6774.6,None,87.41,Active
SCH-2026-1795,Larry,Smith,2010-10-01,Female,Grade 9,D,smith.larry@hotmail.com,9297.46,Partial (50%),82.97,Active
SCH-2026-1796,Eric,Jennings,2010-09-12,Non-binary,Grade 10,E,jennings.eric@gmail.com,11970.75,None,92.34,Active
SCH-2026-1797,Samuel,Carlson,2014-07-24,Non-binary,Grade 5,E,carlson.samuel@yahoo.com,7007.88,Partial (25%),82.94,Active
SCH-2026-1798,Sharon,Espinoza,2019-08-24,Male,Grade 1,A,espinoza.sharon@hotmail.com,7955.69,None,98.38,Active
SCH-2026-1799,David,Campbell,2012-03-30,Non-binary,Grade 9,C,campbell.david@gmail.com,4605.82,None,84.83,Active
SCH-2026-1800,Justin,Villanueva,2018-03-10,Non-binary,Grade 3,E,villanueva.justin@gmail.com,6603.4,Partial (50%),75.64,Active
SCH-2026-1801,Angela,Aguirre,2022-03-11,Non-binary,Preschool,A,aguirre.angela@gmail.com,5740.51,None,81.5,Active
SCH-2026-1802,Antonio,Dennis,2013-07-26,Non-binary,Grade 7,B,dennis.antonio@hotmail.com,4080.33,None,79.1,Active
SCH-2026-1803,Stephanie,Diaz,2008-08-29,Non-binary,Grade 12,A,diaz.stephanie@gmail.com,10832.24,None,99.38,Withdrawn
SCH-2026-1804,Jason,Brown,2013-09-10,Female,Grade 6,E,brown.jason@gmail.com,5566.14,Partial (50%),94.79,On Leave
SCH-2026-1805,James,Clay,2010-08-21,Female,Grade 9,C,clay.james@hotmail.com,8414.52,Partial (25%),76.36,Active
SCH-2026-1806,Amy,Johnson,2017-03-14,Male,Grade 4,D,johnson.amy@hotmail.com,9843.86,Partial (25%),96.32,Active
SCH-2026-1807,Steven,Thompson,2012-01-29,Male,Grade 9,B,thompson.steven@hotmail.com,11353.98,Full Scholarship,91.56,Active
SCH-2026-1808,Heather,Young,2014-08-12,Female,Grade 6,E,young.heather@yahoo.com,3571.48,None,83.54,Active
SCH-2026-1809,Jose,Foster,2009-10-20,Male,Grade 11,D,foster.jose@hotmail.com,10946.9,None,81.81,Active
SCH-2026-1810,Tammy,Myers,2016-11-03,Male,Grade 4,C,myers.tammy@hotmail.com,7441.4,None,77.36,Active
SCH-2026-1811,Carl,Brown,2010-12-16,Non-binary,Grade 9,A,brown.carl@gmail.com,11720.57,None,75.16,Active
SCH-2026-1812,Michelle,Davis,2008-05-23,Male,Grade 11,D,davis.michelle@gmail.com,7160.88,None,77.52,Active
SCH-2026-1813,Charles,Oliver,2020-02-17,Non-binary,Grade 1,A,oliver.charles@gmail.com,9574.64,Partial (50%),88.69,Active
SCH-2026-1814,Robert,Chang,2014-07-08,Female,Grade 5,C,chang.robert@gmail.com,11407.77,None,89.51,Active
SCH-2026-1815,David,Ochoa,2011-08-13,Non-binary,Grade 8,E,ochoa.david@gmail.com,3514.36,None,78.38,Active
SCH-2026-1816,Bryan,Mooney,2009-03-28,Male,Grade 12,B,mooney.bryan@yahoo.com,7664.65,None,80.99,Active
SCH-2026-1817,Craig,Moss,2019-06-21,Non-binary,Kindergarten,C,moss.craig@yahoo.com,3667.71,None,88.89,Active
SCH-2026-1818,Stacy,Fox,2009-09-07,Female,Grade 10,B,fox.stacy@yahoo.com,3825.27,None,96.07,Active
SCH-2026-1819,Bradley,Perez,2010-05-22,Male,Grade 9,A,perez.bradley@gmail.com,6829.73,Partial (50%),83.17,Withdrawn
SCH-2026-1820,Kevin,Fields,2020-02-21,Female,Kindergarten,A,fields.kevin@yahoo.com,11529.34,Partial (25%),99.76,Active
SCH-2026-1821,Anna,Diaz,2017-01-21,Female,Grade 4,D,diaz.anna@gmail.com,7401.33,None,80.28,Active
SCH-2026-1822,Chase,Davies,2011-05-20,Male,Grade 8,B,davies.chase@hotmail.com,3089.51,Partial (25%),94.41,Active
SCH-2026-1823,Stanley,Gill,2014-04-07,Non-binary,Grade 7,B,gill.stanley@yahoo.com,9810.71,Partial (50%),92.17,Active
SCH-2026-1824,Matthew,Terry,2010-03-30,Female,Grade 10,A,terry.matthew@yahoo.com,9136.1,Full Scholarship,85.89,Active
SCH-2026-1825,Vickie,Romero,2018-04-20,Non-binary,Grade 3,A,romero.vickie@gmail.com,11588.03,None,87.84,Active
SCH-2026-1826,Hannah,Henson,2020-12-18,Male,Kindergarten,A,henson.hannah@hotmail.com,6110.85,Partial (25%),83.75,Active
SCH-2026-1827,Joel,Brown,2015-09-13,Male,Grade 4,D,brown.joel@yahoo.com,3652.38,None,80.47,Withdrawn
SCH-2026-1828,Miguel,Stevenson,2012-06-30,Non-binary,Grade 7,A,stevenson.miguel@yahoo.com,9964.85,None,91.89,Active
SCH-2026-1829,Juan,Reeves,2009-11-10,Non-binary,Grade 11,D,reeves.juan@yahoo.com,7108.86,Partial (50%),76.7,Withdrawn
SCH-2026-1830,Tanya,Stevens,2020-10-20,Male,Preschool,E,stevens.tanya@hotmail.com,7996.27,None,97.62,Active
SCH-2026-1831,Richard,Velasquez,2010-01-31,Male,Grade 11,D,velasquez.richard@hotmail.com,10150.55,None,86.52,Active
SCH-2026-1832,Elizabeth,Roberts,2020-04-19,Non-binary,Grade 1,D,roberts.elizabeth@yahoo.com,7142.21,None,81.66,Active
SCH-2026-1833,Corey,Watts,2011-03-07,Female,Grade 9,D,watts.corey@gmail.com,6978.67,Partial (50%),95.93,Active
SCH-2026-1834,Elizabeth,Fisher,2015-10-06,Female,Grade 4,D,fisher.elizabeth@yahoo.com,6886.82,None,91.3,Active
SCH-2026-1835,Elizabeth,Smith,2016-04-07,Male,Grade 4,C,smith.elizabeth@hotmail.com,7332.99,None,87.35,Active
SCH-2026-1836,Denise,Cox,2014-04-12,Male,Grade 7,E,cox.denise@yahoo.com,10437.66,None,97.22,Active
SCH-2026-1837,Paul,Jones,2013-07-21,Non-binary,Grade 6,B,jones.paul@yahoo.com,10448.33,None,85.64,Active
SCH-2026-1838,Angela,Diaz,2021-05-29,Non-binary,Preschool,A,diaz.angela@hotmail.com,8042.94,None,85.53,Active
SCH-2026-1839,Andrea,White,2014-03-20,Male,Grade 7,A,white.andrea@hotmail.com,11016.41,None,81.09,Active
SCH-2026-1840,Amy,Hall,2016-03-08,Non-binary,Grade 5,C,hall.amy@yahoo.com,5856.21,Partial (25%),82.86,Active
SCH-2026-1841,Johnny,Smith,2021-01-13,Non-binary,Kindergarten,D,smith.johnny@gmail.com,10189.15,Partial (25%),85.85,Active
SCH-2026-1842,Benjamin,Manning,2011-06-09,Male,Grade 8,A,manning.benjamin@hotmail.com,4242.96,None,96.95,Withdrawn
SCH-2026-1843,Felicia,Williams,2012-05-10,Non-binary,Grade 8,E,williams.felicia@gmail.com,4481.5,Partial (25%),85.99,Active
SCH-2026-1844,Dustin,Sharp,2013-04-15,Female,Grade 7,D,sharp.dustin@hotmail.com,3439.08,None,79.98,Active
SCH-2026-1845,Mary,Moss,2017-05-23,Non-binary,Grade 2,A,moss.mary@hotmail.com,3630.7,None,84.44,Active
SCH-2026-1846,Monica,Long,2014-01-17,Non-binary,Grade 6,C,long.monica@yahoo.com,11523.82,None,97.79,Active
SCH-2026-1847,Joel,Lawson,2011-05-28,Female,Grade 9,A,lawson.joel@hotmail.com,9323.54,None,98.09,Active
SCH-2026-1848,Richard,Cox,2016-05-07,Non-binary,Grade 3,A,cox.richard@gmail.com,9499.89,None,97.97,Active
SCH-2026-1849,Steven,Phillips,2013-02-07,Female,Grade 8,E,phillips.steven@gmail.com,7112.4,Partial (25%),86.82,Active
SCH-2026-1850,Lisa,Jordan,2009-03-03,Male,Grade 11,D,jordan.lisa@yahoo.com,6968.55,Partial (25%),77.81,Active
SCH-2026-1851,Richard,Reed,2014-02-12,Non-binary,Grade 6,E,reed.richard@hotmail.com,3876.92,Partial (25%),96.08,Active
SCH-2026-1852,Corey,Mcclain,2011-10-30,Non-binary,Grade 9,B,mcclain.corey@gmail.com,11934.23,Partial (25%),83.15,Active
SCH-2026-1853,Angela,Obrien,2013-09-05,Female,Grade 6,A,obrien.angela@hotmail.com,6933.29,Partial (25%),89.87,Active
SCH-2026-1854,Melissa,Austin,2019-09-19,Female,Grade 1,B,austin.melissa@yahoo.com,8721.06,None,80.93,Withdrawn
SCH-2026-1855,Jimmy,Hunter,2015-09-28,Female,Grade 4,B,hunter.jimmy@hotmail.com,4559.46,None,96.68,Active
SCH-2026-1856,Jocelyn,Goodwin,2018-06-28,Male,Grade 1,C,goodwin.jocelyn@yahoo.com,9343.98,None,88.88,Active
SCH-2026-1857,Brandon,Dunlap,2012-05-20,Female,Grade 7,B,dunlap.brandon@hotmail.com,3528.81,None,93.62,Active
SCH-2026-1858,William,Young,2018-05-11,Non-binary,Grade 1,E,young.william@hotmail.com,3636.44,None,98.36,Withdrawn
SCH-2026-1859,Lisa,Mcdowell,2007-06-14,Female,Grade 12,E,mcdowell.lisa@gmail.com,10712.53,Partial (25%),76.42,Active
SCH-2026-1860,Gerald,Ewing,2017-04-14,Male,Grade 3,E,ewing.gerald@gmail.com,5325.21,Partial (25%),99.25,Active
SCH-2026-1861,Madison,Lewis,2009-10-12,Non-binary,Grade 10,B,lewis.madison@gmail.com,7543.71,None,84.84,Active
SCH-2026-1862,Tiffany,Grant,2018-03-06,Male,Grade 3,D,grant.tiffany@hotmail.com,7420.77,None,77.06,Active
SCH-2026-1863,Karen,Flowers,2022-07-03,Male,Preschool,D,flowers.karen@yahoo.com,5186.77,None,96.69,Active
SCH-2026-1864,Natalie,Choi,2021-03-09,Non-binary,Kindergarten,B,choi.natalie@yahoo.com,11012.14,None,81.17,Withdrawn
SCH-2026-1865,Carla,Wells,2012-04-12,Male,Grade 9,C,wells.carla@gmail.com,11518.15,None,82.7,Active
SCH-2026-1866,Dennis,Coffey,2013-07-19,Non-binary,Grade 7,B,coffey.dennis@yahoo.com,7894.92,None,92.0,Active
SCH-2026-1867,Melissa,Bean,2020-01-28,Male,Kindergarten,E,bean.melissa@gmail.com,11490.82,Partial (25%),89.21,Active
SCH-2026-1868,Philip,Mcgee,2020-01-20,Male,Grade 1,B,mcgee.philip@yahoo.com,3303.5,None,99.21,Active
SCH-2026-1869,Christopher,Freeman,2014-04-19,Female,Grade 6,E,freeman.christopher@hotmail.com,6447.72,None,91.81,Active
SCH-2026-1870,Dana,Diaz,2011-09-19,Non-binary,Grade 8,B,diaz.dana@gmail.com,3128.81,Full Scholarship,80.03,Active
SCH-2026-1871,Michael,Cox,2014-11-08,Female,Grade 6,D,cox.michael@yahoo.com,5208.6,None,76.43,Active
SCH-2026-1872,Alexis,Gordon,2019-08-14,Non-binary,Kindergarten,C,gordon.alexis@hotmail.com,3082.71,None,75.21,Active
SCH-2026-1873,Caleb,Cervantes,2014-08-17,Male,Grade 6,A,cervantes.caleb@hotmail.com,4603.31,None,86.86,Active
SCH-2026-1874,George,Miles,2021-06-12,Non-binary,Preschool,E,miles.george@yahoo.com,3215.61,None,97.47,Active
SCH-2026-1875,Raymond,Wright,2009-08-13,Female,Grade 10,A,wright.raymond@yahoo.com,5757.92,None,75.38,Active
SCH-2026-1876,Gregory,Mcconnell,2016-05-01,Non-binary,Grade 4,B,mcconnell.gregory@gmail.com,9148.27,None,77.58,Active
SCH-2026-1877,Andrew,Rodriguez,2018-11-19,Non-binary,Grade 1,C,rodriguez.andrew@yahoo.com,7184.2,Partial (50%),80.24,Active
SCH-2026-1878,Anthony,Chavez,2017-04-19,Female,Grade 3,C,chavez.anthony@gmail.com,6943.8,None,93.78,Active
SCH-2026-1879,Melissa,Kennedy,2017-10-27,Male,Grade 3,A,kennedy.melissa@gmail.com,11410.74,Partial (25%),83.98,Active
SCH-2026-1880,Christian,Dixon,2012-04-23,Non-binary,Grade 9,C,dixon.christian@hotmail.com,8647.71,Partial (25%),98.86,Active
SCH-2026-1881,Edward,Williams,2013-10-24,Male,Grade 7,D,williams.edward@hotmail.com,10507.06,None,89.76,Active
SCH-2026-1882,Austin,Ewing,2013-03-13,Non-binary,Grade 7,A,ewing.austin@hotmail.com,5971.03,None,81.27,Active
SCH-2026-1883,Randy,Anderson,2009-11-11,Non-binary,Grade 10,D,anderson.randy@gmail.com,4243.8,None,78.92,Active
SCH-2026-1884,Leonard,Thompson,2020-02-17,Male,Grade 1,B,thompson.leonard@yahoo.com,4915.24,None,75.44,Active
SCH-2026-1885,Ricardo,Morris,2015-08-18,Male,Grade 5,A,morris.ricardo@gmail.com,6006.75,None,88.54,Active
SCH-2026-1886,Rebekah,Black,2008-06-24,Female,Grade 12,C,black.rebekah@hotmail.com,10697.07,None,77.32,Active
SCH-2026-1887,Mark,Lynch,2016-01-03,Female,Grade 4,C,lynch.mark@gmail.com,10301.96,Partial (25%),77.01,Active
SCH-2026-1888,Angela,Gomez,2010-06-08,Male,Grade 9,A,gomez.angela@gmail.com,6216.11,None,89.22,Active
SCH-2026-1889,Brad,Thompson,2019-08-11,Non-binary,Kindergarten,D,thompson.brad@gmail.com,8378.88,Partial (25%),80.83,Active
SCH-2026-1890,Rebecca,Mcdonald,2023-01-29,Non-binary,Preschool,A,mcdonald.rebecca@yahoo.com,7253.97,None,75.96,Active
SCH-2026-1891,Felicia,Rios,2013-07-06,Non-binary,Grade 7,C,rios.felicia@gmail.com,5989.41,None,88.23,Active
SCH-2026-1892,Kenneth,Ross,2020-08-15,Male,Preschool,D,ross.kenneth@gmail.com,7333.01,Full Scholarship,97.81,Active
SCH-2026-1893,Edward,Berry,2016-05-26,Male,Grade 4,E,berry.edward@yahoo.com,7936.88,None,81.73,Active
SCH-2026-1894,Matthew,Brown,2016-05-09,Non-binary,Grade 4,A,brown.matthew@yahoo.com,3875.15,None,75.26,On Leave
SCH-2026-1895,Debbie,Rivera,2008-04-27,Female,Grade 12,B,rivera.debbie@gmail.com,3471.6,Full Scholarship,78.72,Active
SCH-2026-1896,Melody,Henry,2012-06-18,Non-binary,Grade 7,B,henry.melody@hotmail.com,8107.87,None,80.49,Active
SCH-2026-1897,James,Gray,2013-09-15,Male,Grade 6,B,gray.james@gmail.com,7619.81,None,96.91,Active
SCH-2026-1898,Makayla,Wilson,2010-08-08,Non-binary,Grade 10,A,wilson.makayla@yahoo.com,11663.16,Full Scholarship,88.33,Active
SCH-2026-1899,Alexandra,Baker,2014-04-28,Male,Grade 6,E,baker.alexandra@hotmail.com,11809.24,Partial (25%),97.67,Active
SCH-2026-1900,Shannon,Harris,2015-11-07,Female,Grade 5,A,harris.shannon@gmail.com,9008.3,None,90.28,Active
SCH-2026-1901,Shawn,Foster,2008-08-14,Male,Grade 11,D,foster.shawn@gmail.com,6081.16,None,84.16,Active
SCH-2026-1902,Christina,Mendoza,2011-10-09,Non-binary,Grade 8,A,mendoza.christina@yahoo.com,11115.97,Partial (25%),80.36,Active
SCH-2026-1903,Mark,Hall,2008-09-05,Non-binary,Grade 11,B,hall.mark@yahoo.com,3618.61,None,80.4,Active
SCH-2026-1904,Adam,Church,2016-04-18,Female,Grade 4,B,church.adam@hotmail.com,6698.11,None,84.9,Active
SCH-2026-1905,Mark,Acosta,2013-12-17,Male,Grade 7,C,acosta.mark@gmail.com,5431.41,None,80.59,Active
SCH-2026-1906,Kayla,Stewart,2008-01-11,Male,Grade 12,C,stewart.kayla@hotmail.com,6918.59,None,75.29,Active
SCH-2026-1907,William,Conrad,2022-10-29,Non-binary,Preschool,B,conrad.william@gmail.com,10801.82,None,76.9,Active
SCH-2026-1908,Michelle,Stout,2011-09-27,Female,Grade 8,C,stout.michelle@yahoo.com,5165.65,None,77.2,Active
SCH-2026-1909,Jeffrey,Brewer,2015-11-05,Female,Grade 5,D,brewer.jeffrey@gmail.com,5807.69,None,85.21,Active
SCH-2026-1910,Zachary,Wade,2014-08-20,Female,Grade 6,D,wade.zachary@yahoo.com,5049.94,None,86.82,Active
SCH-2026-1911,Alexander,Barber,2020-02-24,Non-binary,Kindergarten,C,barber.alexander@yahoo.com,8334.1,None,84.15,Active
SCH-2026-1912,William,Haas,2011-05-08,Male,Grade 8,E,haas.william@gmail.com,5049.31,None,99.69,Withdrawn
SCH-2026-1913,Vernon,Parker,2017-03-30,Non-binary,Grade 4,E,parker.vernon@hotmail.com,5228.07,None,82.86,Active
SCH-2026-1914,David,Sanders,2018-04-28,Female,Grade 3,B,sanders.david@yahoo.com,10080.72,None,86.39,Active
SCH-2026-1915,Leslie,Young,2018-03-20,Female,Grade 3,C,young.leslie@hotmail.com,4283.09,None,85.37,Active
SCH-2026-1916,Ricardo,Smith,2011-11-15,Male,Grade 8,C,smith.ricardo@gmail.com,7577.32,Partial (25%),84.1,Withdrawn
SCH-2026-1917,Stephen,Gardner,2018-11-05,Non-binary,Grade 2,B,gardner.stephen@yahoo.com,4060.56,None,92.17,Active
SCH-2026-1918,Christopher,Watson,2019-08-15,Male,Grade 1,E,watson.christopher@hotmail.com,9112.84,None,97.72,Active
SCH-2026-1919,John,Yates,2020-10-05,Female,Kindergarten,D,yates.john@gmail.com,10947.89,None,77.92,Active
SCH-2026-1920,Richard,Davis,2012-07-12,Male,Grade 7,E,davis.richard@gmail.com,5991.42,None,87.32,Withdrawn
SCH-2026-1921,Brandon,Morgan,2008-05-20,Female,Grade 11,E,morgan.brandon@yahoo.com,4307.92,None,97.9,Withdrawn
SCH-2026-1922,April,Mckee,2012-12-31,Female,Grade 8,C,mckee.april@yahoo.com,9651.99,None,80.32,Active
SCH-2026-1923,Kristen,Jones,2008-11-22,Male,Grade 11,D,jones.kristen@hotmail.com,7877.38,None,97.75,Active
SCH-2026-1924,William,Turner,2014-05-18,Non-binary,Grade 6,D,turner.william@yahoo.com,4018.94,None,83.81,Active
SCH-2026-1925,Krystal,Carter,2008-11-18,Non-binary,Grade 12,B,carter.krystal@yahoo.com,9338.72,Partial (25%),95.02,Active
SCH-2026-1926,Philip,Mcdowell,2017-03-06,Female,Grade 4,A,mcdowell.philip@yahoo.com,4050.16,None,76.04,Active
SCH-2026-1927,Luke,Kirby,2010-12-31,Female,Grade 10,E,kirby.luke@yahoo.com,5273.23,Partial (50%),75.27,Active
SCH-2026-1928,Lori,Snyder,2011-04-01,Non-binary,Grade 10,E,snyder.lori@gmail.com,4448.82,Partial (50%),85.09,Active
SCH-2026-1929,Danny,Harrison,2016-02-23,Female,Grade 5,E,harrison.danny@gmail.com,7039.03,None,99.68,Active
SCH-2026-1930,Scott,Delgado,2009-12-16,Female,Grade 10,E,delgado.scott@yahoo.com,9043.24,None,83.05,Active
SCH-2026-1931,David,Foster,2010-08-30,Non-binary,Grade 9,D,foster.david@hotmail.com,8266.75,None,75.32,Active
SCH-2026-1932,Megan,Hernandez,2019-07-26,Non-binary,Kindergarten,E,hernandez.megan@hotmail.com,11941.81,None,84.87,Active
SCH-2026-1933,Caroline,Burnett,2012-05-04,Non-binary,Grade 7,A,burnett.caroline@hotmail.com,9011.98,None,81.4,Active
SCH-2026-1934,Jesus,Aguilar,2018-02-25,Non-binary,Grade 2,A,aguilar.jesus@hotmail.com,7787.73,None,82.28,Active
SCH-2026-1935,Corey,Murphy,2021-12-21,Male,Preschool,C,murphy.corey@yahoo.com,6467.31,None,90.0,Active
SCH-2026-1936,Joseph,Davis,2009-08-23,Male,Grade 10,E,davis.joseph@gmail.com,6587.55,None,81.79,Active
SCH-2026-1937,Victoria,Peterson,2009-04-18,Female,Grade 11,B,peterson.victoria@yahoo.com,8490.16,Partial (25%),82.68,Active
SCH-2026-1938,Mary,Contreras,2012-06-30,Male,Grade 8,C,contreras.mary@yahoo.com,7038.65,None,99.86,Active
SCH-2026-1939,Stephanie,Vasquez,2014-02-22,Male,Grade 6,C,vasquez.stephanie@gmail.com,4632.81,Partial (50%),88.3,Withdrawn
SCH-2026-1940,Samantha,Solis,2014-10-30,Female,Grade 5,A,solis.samantha@gmail.com,6309.74,None,91.3,Active
SCH-2026-1941,Karl,Wells,2017-07-09,Non-binary,Grade 3,D,wells.karl@hotmail.com,9778.26,None,94.88,Active
SCH-2026-1942,Angela,Williams,2012-01-14,Female,Grade 9,C,williams.angela@hotmail.com,3645.32,None,87.73,Active
SCH-2026-1943,Jennifer,Fernandez,2020-04-08,Female,Grade 1,A,fernandez.jennifer@hotmail.com,5996.05,None,88.52,Active
SCH-2026-1944,Stacey,Mclean,2008-05-07,Male,Grade 11,C,mclean.stacey@yahoo.com,9793.32,Partial (50%),89.84,Active
SCH-2026-1945,Christina,Jennings,2010-03-26,Non-binary,Grade 10,B,jennings.christina@gmail.com,10345.87,None,94.02,Withdrawn
SCH-2026-1946,Brad,Campbell,2010-08-01,Male,Grade 9,E,campbell.brad@yahoo.com,7664.08,Partial (25%),97.51,Active
SCH-2026-1947,Nicholas,Wood,2008-09-26,Male,Grade 11,A,wood.nicholas@yahoo.com,10631.05,None,86.86,Active
SCH-2026-1948,James,Hill,2018-03-27,Non-binary,Grade 3,C,hill.james@yahoo.com,7538.89,None,93.78,Active
SCH-2026-1949,Erik,Skinner,2016-03-31,Male,Grade 5,E,skinner.erik@yahoo.com,7380.27,Partial (25%),99.89,On Leave
SCH-2026-1950,John,Wilson,2018-08-23,Male,Grade 2,D,wilson.john@yahoo.com,3564.28,None,75.0,Active
SCH-2026-1951,Mark,Meyers,2016-03-16,Non-binary,Grade 5,B,meyers.mark@gmail.com,7183.78,Full Scholarship,89.32,Active
SCH-2026-1952,Shawna,Lyons,2017-09-03,Female,Grade 3,E,lyons.shawna@yahoo.com,11149.08,None,87.74,Active
SCH-2026-1953,Timothy,Baker,2009-01-20,Female,Grade 12,C,baker.timothy@hotmail.com,3753.17,None,99.68,Active
SCH-2026-1954,William,Peterson,2016-01-20,Male,Grade 5,C,peterson.william@yahoo.com,4021.5,None,96.53,Active
SCH-2026-1955,Christopher,Sanchez,2015-06-30,Female,Grade 4,E,sanchez.christopher@yahoo.com,10145.01,None,95.86,Active
SCH-2026-1956,Mark,Bolton,2019-03-10,Non-binary,Grade 1,B,bolton.mark@yahoo.com,4554.85,None,76.38,Active
SCH-2026-1957,Alexander,Mccann,2012-01-29,Male,Grade 8,E,mccann.alexander@yahoo.com,10859.09,None,86.63,Active
SCH-2026-1958,Roy,Roberts,2016-12-17,Male,Grade 3,C,roberts.roy@hotmail.com,11225.59,None,92.19,Active
SCH-2026-1959,Bradley,Gamble,2008-06-05,Female,Grade 11,C,gamble.bradley@gmail.com,7795.72,Partial (25%),81.8,Active
SCH-2026-1960,Ruth,Green,2021-07-26,Non-binary,Preschool,C,green.ruth@gmail.com,4404.42,None,79.28,Active
SCH-2026-1961,James,Hester,2015-10-30,Female,Grade 4,E,hester.james@yahoo.com,9761.86,Partial (50%),90.52,Active
SCH-2026-1962,Kimberly,Hughes,2018-07-27,Non-binary,Grade 1,E,hughes.kimberly@yahoo.com,11799.02,None,84.05,Active
SCH-2026-1963,Brian,Gray,2020-04-12,Non-binary,Grade 1,E,gray.brian@yahoo.com,4226.59,None,87.41,Active
SCH-2026-1964,Laura,Gonzalez,2011-11-04,Male,Grade 8,E,gonzalez.laura@gmail.com,7240.33,None,95.27,Active
SCH-2026-1965,Anna,Bradford,2019-01-24,Non-binary,Grade 1,C,bradford.anna@gmail.com,11676.48,Partial (25%),91.42,Active
SCH-2026-1966,Benjamin,Jones,2018-10-13,Male,Grade 2,E,jones.benjamin@gmail.com,9515.55,None,82.0,Withdrawn
SCH-2026-1967,John,Griffith,2016-12-18,Female,Grade 3,A,griffith.john@hotmail.com,10284.86,None,86.67,Active
SCH-2026-1968,Samuel,Martin,2020-02-22,Female,Grade 1,B,martin.samuel@gmail.com,6987.12,None,92.72,Active
SCH-2026-1969,Monica,Miller,2008-07-20,Non-binary,Grade 12,D,miller.monica@yahoo.com,6576.53,None,77.28,Active
SCH-2026-1970,Richard,Nelson,2015-03-07,Non-binary,Grade 5,D,nelson.richard@gmail.com,3409.13,None,94.75,Active
SCH-2026-1971,James,Dyer,2009-11-13,Male,Grade 10,E,dyer.james@gmail.com,9731.17,None,92.42,Active
SCH-2026-1972,Craig,Shah,2011-06-23,Non-binary,Grade 8,A,shah.craig@gmail.com,7642.2,None,79.85,Active
SCH-2026-1973,Aaron,Allen,2009-09-10,Female,Grade 11,B,allen.aaron@gmail.com,5154.63,Partial (25%),96.19,Active
SCH-2026-1974,Morgan,Pena,2019-02-11,Female,Grade 2,D,pena.morgan@yahoo.com,11735.33,Partial (25%),91.65,Active
SCH-2026-1975,Paula,Jensen,2009-11-25,Male,Grade 10,D,jensen.paula@hotmail.com,6757.19,None,92.64,Active
SCH-2026-1976,Shawn,Adams,2016-08-12,Male,Grade 3,D,adams.shawn@gmail.com,4316.42,None,80.61,Active
SCH-2026-1977,Martin,Ramirez,2011-01-11,Female,Grade 10,E,ramirez.martin@yahoo.com,11891.8,None,85.42,Active
SCH-2026-1978,Craig,Frazier,2019-11-13,Female,Kindergarten,A,frazier.craig@gmail.com,4618.57,None,95.93,Active
SCH-2026-1979,Kevin,Fernandez,2020-01-25,Non-binary,Grade 1,A,fernandez.kevin@gmail.com,11164.07,None,75.08,Active
SCH-2026-1980,Kimberly,Cruz,2020-03-07,Non-binary,Kindergarten,D,cruz.kimberly@gmail.com,8786.99,Partial (50%),77.05,Active
SCH-2026-1981,Ryan,Berry,2015-01-16,Female,Grade 5,D,berry.ryan@gmail.com,3852.18,None,83.27,Active
SCH-2026-1982,William,Williams,2018-06-14,Female,Grade 1,D,williams.william@hotmail.com,5869.1,None,81.79,Active
SCH-2026-1983,Hannah,Winters,2017-01-23,Male,Grade 4,C,winters.hannah@yahoo.com,8949.07,None,81.65,Active
SCH-2026-1984,Chad,Wilson,2009-01-08,Female,Grade 12,E,wilson.chad@hotmail.com,4484.65,None,85.77,Active
SCH-2026-1985,Jenna,Rodriguez,2012-08-24,Non-binary,Grade 7,A,rodriguez.jenna@yahoo.com,9925.98,None,93.28,Active
SCH-2026-1986,Thomas,Scott,2018-12-05,Non-binary,Grade 1,E,scott.thomas@hotmail.com,3568.27,None,88.38,Active
SCH-2026-1987,Kyle,Smith,2013-08-13,Male,Grade 7,A,smith.kyle@gmail.com,10542.83,None,83.05,Active
SCH-2026-1988,Lisa,Morales,2021-07-09,Non-binary,Preschool,B,morales.lisa@hotmail.com,11580.2,None,92.84,Active
SCH-2026-1989,Michael,Ryan,2013-11-05,Male,Grade 6,C,ryan.michael@gmail.com,7664.9,None,76.11,Active
SCH-2026-1990,Shannon,Mcdowell,2019-05-19,Male,Grade 1,C,mcdowell.shannon@yahoo.com,8328.54,None,83.28,Active
SCH-2026-1991,Timothy,Brooks,2020-01-08,Non-binary,Grade 1,C,brooks.timothy@hotmail.com,7861.44,Full Scholarship,87.78,Withdrawn
SCH-2026-1992,Jonathan,Foster,2018-05-26,Male,Grade 2,A,foster.jonathan@yahoo.com,5948.88,None,97.03,Withdrawn
SCH-2026-1993,Carl,Carlson,2014-12-08,Non-binary,Grade 5,E,carlson.carl@yahoo.com,4819.43,None,92.99,Active
SCH-2026-1994,Megan,Jones,2019-07-05,Male,Grade 1,D,jones.megan@yahoo.com,6167.52,Full Scholarship,91.47,Active
SCH-2026-1995,Eric,Ponce,2011-08-21,Male,Grade 8,A,ponce.eric@yahoo.com,10809.36,Partial (25%),77.03,Active
SCH-2026-1996,Andrea,Terrell,2013-11-17,Male,Grade 7,D,terrell.andrea@gmail.com,10374.84,None,91.71,Active
SCH-2026-1997,Traci,Brown,2017-11-24,Male,Grade 3,D,brown.traci@gmail.com,9534.96,None,86.81,Active
SCH-2026-1998,Keith,Larsen,2016-07-23,Female,Grade 3,C,larsen.keith@hotmail.com,4930.96,None,85.35,Active
SCH-2026-1999,Mary,Lowe,2011-08-17,Female,Grade 9,A,lowe.mary@gmail.com,9008.92,None,84.61,Active
